controller,plant_id,K,tau_m,tau_e,overshoot_pct,rise_time,settling_time,steady_state_error,iae,itae,peak_voltage,dist_peak_dev,dist_recovery_time
ZN classic,0,21.644,0.12928,0.0072458,6.6147,0.328,0.634,1.2266e-05,26.795,5.1734,12,0.64052,0.168
ZN classic,1,14.198,0.17819,0.012477,8.6369,0.492,1.908,0.19337,43.377,19.407,12,1.8479,2.022
ZN classic,2,21.28,0.17065,0.010262,9.9942,0.354,1.01,0.0095928,31.12,7.6606,12,0.66721,0.194
ZN classic,3,25.221,0.17843,0.0070164,10.769,0.316,0.79,0.0001461,28.045,6.0637,12,0.66633,0.18
ZN classic,4,24.289,0.10802,0.011378,6.219,0.29,0.556,3.2998e-08,23.718,4.0029,12,0.67124,0.154
ZN classic,5,16.108,0.18269,0.010249,9.2466,0.448,1.416,0.269,38.666,12.659,12,0.71089,0.162
ZN classic,6,17.597,0.14304,0.0071699,6.6809,0.398,0.87,0.0037352,32.002,7.5579,12,0.63936,0.19
ZN classic,7,15.491,0.16536,0.010883,8.1263,0.452,1.21,0.0021516,37.858,11.434,12,0.43501,0
ZN classic,8,21.385,0.13953,0.012983,8.4889,0.338,0.778,0.0019945,28.752,6.2395,12,0.69672,0.182
ZN classic,9,25.77,0.1667,0.010903,11.128,0.306,0.888,0.0004017,27.478,5.8743,12,0.69722,0.178
ZN classic,10,22.261,0.14,0.0078106,7.6983,0.328,0.65,9.6414e-05,27.244,5.4228,12,0.65256,0.172
ZN classic,11,22.658,0.15228,0.0088615,8.8951,0.33,0.768,0.00066042,28.107,5.9113,12,0.66901,0.178
ZN classic,12,19.83,0.18505,0.012604,11.051,0.382,1.278,0.095988,34.864,11.07,12,1.0091,0.522
ZN classic,13,18.294,0.15644,0.0089312,8.1871,0.392,0.896,0.016807,32.683,8.1616,12,0.66515,0.194
ZN classic,14,21.132,0.13541,0.0093497,7.4185,0.338,0.664,0.00022056,28.016,5.7385,12,0.66283,0.176
ZN classic,15,24.683,0.12544,0.010739,7.6104,0.296,0.588,2.2048e-06,24.77,4.4416,12,0.6768,0.162
ZN classic,16,15.008,0.17994,0.011723,8.8151,0.47,1.662,0.62968,41.266,16.306,12,1.4495,1.324
ZN classic,17,16.872,0.18388,0.0073514,8.9802,0.432,1.198,0.0010059,36.8,10.854,12,0.48258,0.176
ZN classic,18,18.033,0.11853,0.009702,5.8291,0.376,0.692,6.1949e-05,29.73,6.3652,12,0.64972,0.178
ZN classic,19,23.556,0.12576,0.0073121,6.5211,0.306,0.594,9.5087e-07,25.062,4.5013,12,0.64103,0.16
ZN classic,20,18.855,0.12287,0.0075445,5.6814,0.364,0.674,2.7966e-05,28.887,5.9902,12,0.63518,0.174
ZN classic,21,20.964,0.13188,0.011032,7.4167,0.34,0.662,0.00023618,28.118,5.8009,12,0.67609,0.176
ZN classic,22,16.394,0.18979,0.0091907,9.4611,0.446,1.426,0.34926,38.783,13.012,12,0.83115,0.176
ZN classic,23,15.266,0.16162,0.012563,8.05,0.456,1.38,0.02716,38.221,11.723,12,0.3913,0
ZN classic,24,19.285,0.19091,0.0099994,10.786,0.392,1.302,0.14678,35.252,10.825,12,0.84249,0.382
ZN classic,25,19.103,0.16082,0.012971,9.3602,0.382,1.06,0.05065,33.033,8.804,12,0.64368,0.192
ZN classic,26,25.387,0.1464,0.011546,9.7198,0.3,0.712,0.00010211,26.174,5.1536,12,0.69686,0.17
ZN classic,27,19.969,0.15264,0.011715,8.8762,0.362,0.986,0.012151,31.052,7.4597,12,0.68815,0.192
ZN classic,28,18.976,0.1711,0.011267,9.6076,0.386,1.092,0.066237,33.826,9.4021,12,0.76108,0.2
ZN classic,29,25.185,0.11534,0.011374,6.9541,0.286,0.56,2.6541e-08,23.742,4.0416,12,0.67757,0.156
ZN classic,30,25.129,0.19211,0.0070882,11.701,0.324,0.972,0.0080054,29.239,6.7823,12,0.67238,0.186
ZN classic,31,24.364,0.19331,0.012743,13.167,0.332,1.162,0.084037,31.329,8.5799,12,0.73014,0.206
ZN classic,32,15.785,0.19254,0.01234,10.038,0.46,2.056,0.89049,42.205,19.479,12,1.9771,2.332
ZN classic,33,23.868,0.1482,0.0083942,8.6206,0.314,0.642,4.4478e-05,26.783,5.3079,12,0.66421,0.172
ZN classic,34,23.623,0.18812,0.0085968,11.484,0.336,1.004,0.014106,30.359,7.4099,12,0.67037,0.192
ZN classic,35,20.467,0.14485,0.012586,8.5413,0.352,0.816,0.00066913,29.993,6.8726,12,0.70096,0.188
ZN classic,36,14.486,0.17088,0.010686,8.0286,0.48,1.458,0.3937,40.552,14.294,12,1.0812,0.744
ZN classic,37,14.34,0.16973,0.007096,7.4358,0.482,1.268,0.17637,39.69,12.72,12,0.83436,0.38
ZN classic,38,23.095,0.15115,0.012575,9.6451,0.324,0.896,0.0022229,28.332,6.178,12,0.70058,0.182
ZN classic,39,14.793,0.18072,0.0074001,8.2417,0.478,1.454,0.22215,40.155,13.662,12,0.99812,0.592
ZN classic,40,18.132,0.14373,0.012796,8.082,0.388,1.016,0.0018461,32.427,8.0893,12,0.66802,0.196
ZN classic,41,20.747,0.1283,0.0084501,6.5513,0.34,0.65,5.3656e-05,27.627,5.5117,12,0.64999,0.172
ZN classic,42,24.657,0.12533,0.0077473,6.7267,0.294,0.578,3.6853e-07,24.351,4.2504,12,0.64611,0.158
ZN classic,43,17.46,0.15775,0.010325,8.2875,0.406,1.088,0.011999,34.138,9.1326,12,0.71721,0.204
ZN classic,44,23.717,0.15544,0.0087305,9.2773,0.32,0.758,0.00059356,27.548,5.6972,12,0.67023,0.176
ZN classic,45,18.955,0.17863,0.010759,10.004,0.392,1.118,0.0023264,34.536,10.072,12,0.83773,0.35
ZN classic,46,25.509,0.13825,0.010316,8.8178,0.294,0.606,1.882e-05,25.23,4.6826,12,0.68068,0.166
ZN classic,47,21.127,0.18135,0.0078728,10.224,0.362,1.042,0.024817,31.751,7.9905,12,0.65729,0.192
ZN classic,48,18.878,0.1869,0.0072584,9.6699,0.398,1.128,0.07657,34.483,9.6424,12,0.69393,0.216
ZN classic,49,23.872,0.14238,0.011979,9.1714,0.312,0.724,0.00043922,26.905,5.4264,12,0.69678,0.174
ZN classic,50,14.119,0.13785,0.0074718,5.8667,0.472,1.002,0.0080902,36.918,10.121,12,0.60865,0.202
ZN classic,51,21.831,0.12965,0.011216,7.4818,0.326,0.642,9.5908e-05,27.224,5.4168,12,0.67882,0.172
ZN classic,52,25.326,0.11641,0.012189,7.3003,0.286,0.564,1.6176e-07,23.855,4.0971,12,0.68687,0.156
ZN classic,53,14.714,0.13927,0.0095786,6.2383,0.456,0.984,0.030747,36.295,9.8952,12,0.6379,0.208
ZN classic,54,19.866,0.19288,0.011654,11.432,0.386,1.302,0.096334,35.385,11.563,12,1.0347,0.554
ZN classic,55,17.706,0.12929,0.012179,6.9013,0.388,0.842,0.003276,31.439,7.3226,12,0.67573,0.19
ZN classic,56,24.576,0.15096,0.0090658,9.13,0.308,0.724,7.1262e-05,26.623,5.2812,12,0.67301,0.172
ZN classic,57,25.939,0.13343,0.0080963,7.7101,0.288,0.58,1.284e-06,24.235,4.2487,12,0.65563,0.158
ZN classic,58,24.561,0.17811,0.011007,11.678,0.322,0.962,0.0014918,29.329,6.9411,12,0.71572,0.186
ZN classic,59,25.501,0.18831,0.011489,12.881,0.318,0.978,0.0048964,29.712,7.3661,12,0.74405,0.19
ZN classic,60,24.328,0.12724,0.0078475,6.8496,0.3,0.588,2.3555e-07,24.721,4.3887,12,0.64809,0.16
ZN classic,61,22.041,0.16932,0.0080023,9.6033,0.346,0.832,0.0055019,29.874,6.8623,12,0.66565,0.188
ZN classic,62,18.747,0.18692,0.010368,10.477,0.4,1.31,0.18415,35.594,10.987,12,0.81297,0.386
ZN classic,63,20.94,0.12247,0.010156,6.6483,0.334,0.64,1.5255e-05,27.23,5.3499,12,0.66293,0.17
ZN classic,64,20.281,0.113,0.012892,6.3232,0.34,0.638,3.5164e-05,27.383,5.4023,12,0.68071,0.17
ZN classic,65,20.857,0.10558,0.011636,5.5783,0.326,0.606,1.2206e-06,26.077,4.8338,12,0.66545,0.162
ZN classic,66,25.739,0.15809,0.0089181,9.8338,0.302,0.728,0.00014662,26.409,5.2462,12,0.67606,0.172
ZN classic,67,16.25,0.16553,0.0081706,7.8475,0.434,1.158,0.065894,36.104,10.176,12,0.58921,0.21
ZN classic,68,20.932,0.1592,0.012775,9.7748,0.354,0.996,0.024338,30.975,7.6521,12,0.71594,0.196
ZN classic,69,14.867,0.15,0.011465,7.2099,0.46,1.182,0.064073,37.447,10.916,12,0.56158,0.21
ZN classic,70,16.127,0.13993,0.0073774,6.3538,0.424,0.918,5.1435e-05,33.76,8.4283,12,0.64192,0.196
ZN classic,71,22.711,0.1129,0.0093706,5.8876,0.31,0.584,2.8367e-07,24.92,4.4173,12,0.65211,0.158
ZN classic,72,24.482,0.14751,0.012476,9.7103,0.308,0.738,0.00090612,27.006,5.5473,12,0.70546,0.176
ZN classic,73,23.191,0.18738,0.0077644,11.196,0.342,1.008,0.0054838,30.466,7.3888,12,0.65745,0.19
ZN classic,74,14.883,0.11133,0.012213,5.1451,0.44,0.89,0.0017428,33.74,8.2505,12,0.65344,0.192
ZN classic,75,21.609,0.14969,0.0079813,8.1583,0.34,0.78,0.00010751,28.586,6.0658,12,0.65845,0.18
ZN classic,76,22.085,0.13362,0.011265,7.8117,0.326,0.648,0.00011366,27.358,5.5029,12,0.68183,0.174
ZN classic,77,19.524,0.15067,0.011738,8.4964,0.37,0.988,0.010275,31.297,7.5425,12,0.68188,0.194
ZN classic,78,15.113,0.15709,0.0081834,7.1008,0.458,1.176,0.0095259,37.099,10.582,12,0.56979,0.2
ZN classic,79,23.698,0.149,0.012932,9.7503,0.318,0.872,0.00086573,27.773,5.9245,12,0.70719,0.18
ZN classic,80,16.195,0.19167,0.011806,9.9373,0.448,1.826,0.77189,40.617,16.424,12,1.472,1.306
ZN classic,81,19.775,0.17822,0.010617,10.326,0.378,1.09,0.073037,33.505,9.2875,12,0.74987,0.198
ZN classic,82,21.861,0.18723,0.0073916,10.711,0.356,1.04,0.022942,31.498,7.9077,12,0.65339,0.19
ZN classic,83,24.02,0.13936,0.0089533,8.2467,0.31,0.624,3.9648e-05,26.067,4.9757,12,0.66567,0.168
ZN classic,84,25.928,0.17531,0.0099132,11.521,0.308,0.912,0.0032311,27.89,6.1001,12,0.69039,0.18
ZN classic,85,19.072,0.18398,0.0075209,9.7936,0.392,1.116,0.040555,34.103,9.4129,12,0.71864,0.212
ZN classic,86,22.501,0.17602,0.011795,11.137,0.342,1.01,0.035998,30.939,7.851,12,0.70823,0.198
ZN classic,87,17.867,0.1767,0.008352,9.0687,0.41,1.136,0.086453,35.024,9.868,12,0.68481,0.218
ZN classic,88,18.348,0.14257,0.010248,7.5333,0.384,0.858,0.0005724,31.576,7.467,12,0.66254,0.19
ZN classic,89,15.351,0.14163,0.0070018,6.2364,0.442,0.954,0.013571,35.045,9.1133,12,0.63151,0.2
ZN classic,90,22.933,0.18167,0.0078336,10.671,0.34,0.992,0.007554,30.173,7.161,12,0.66355,0.19
ZN classic,91,22.445,0.1789,0.012891,11.622,0.344,1.156,0.058716,31.57,8.427,12,0.69233,0.204
ZN classic,92,24.125,0.14317,0.012878,9.5589,0.308,0.73,0.00069785,26.971,5.5075,12,0.70668,0.174
ZN classic,93,25.688,0.15033,0.011521,10.056,0.3,0.716,0.00024919,26.292,5.2311,12,0.69906,0.172
ZN classic,94,24.966,0.14785,0.012183,9.7725,0.304,0.726,0.0005164,26.652,5.3838,12,0.70344,0.174
ZN classic,95,22.419,0.13145,0.011606,7.9661,0.322,0.64,0.00014425,26.991,5.3508,12,0.68476,0.172
ZN classic,96,20.848,0.11345,0.0093483,5.851,0.332,0.618,2.6389e-06,26.462,4.993,12,0.64939,0.164
ZN classic,97,14.885,0.14786,0.0095712,6.7712,0.458,1.152,0.041481,36.844,10.365,12,0.60311,0.208
ZN classic,98,19.085,0.15777,0.0077361,8.1406,0.38,0.872,0.0076126,31.672,7.5875,12,0.65025,0.192
ZN classic,99,25.205,0.16656,0.011943,11.224,0.31,0.912,0.0030064,28.07,6.2236,12,0.70241,0.18
ZN classic,100,24.762,0.1575,0.0072413,9.3465,0.312,0.648,0.00016445,26.736,5.3275,12,0.65809,0.172
ZN classic,101,22.538,0.15621,0.011956,9.9383,0.334,0.932,0.0042585,29.132,6.587,12,0.70046,0.184
ZN classic,102,20.386,0.17819,0.012982,10.913,0.37,1.23,0.14243,33.492,9.5931,12,0.67921,0.182
ZN classic,103,18.207,0.12039,0.00935,5.8698,0.374,0.69,7.8696e-05,29.637,6.3271,12,0.64824,0.178
ZN classic,104,23.037,0.14453,0.01053,8.7589,0.322,0.74,7.8259e-05,27.438,5.6112,12,0.68169,0.176
ZN classic,105,15.528,0.17035,0.0086805,7.9784,0.454,1.214,0.078546,37.816,11.351,12,0.54682,0.182
ZN classic,106,16.287,0.18267,0.010386,9.2368,0.444,1.408,0.18451,38.343,12.283,12,0.60015,0.142
ZN classic,107,19.814,0.18589,0.0075161,9.9842,0.382,1.096,0.0048405,33.424,9.042,12,0.72664,0.206
ZN classic,108,22.354,0.13452,0.0080525,7.3693,0.324,0.636,1.1215e-05,26.767,5.2036,12,0.65213,0.17
ZN classic,109,22.098,0.13765,0.0089794,7.7148,0.328,0.65,8.9881e-05,27.348,5.4717,12,0.66218,0.174
ZN classic,110,25.324,0.12294,0.010073,7.2581,0.288,0.572,3.7204e-07,24.066,4.1662,12,0.66929,0.158
ZN classic,111,14.288,0.1197,0.012301,5.5354,0.458,0.95,0.0007413,35.592,9.3374,12,0.66599,0.2
ZN classic,112,23.471,0.15512,0.0083347,9.19,0.322,0.758,0.00055231,27.643,5.7221,12,0.66611,0.176
ZN classic,113,20.693,0.10609,0.011278,5.6293,0.328,0.61,7.8648e-07,26.224,4.8885,12,0.66209,0.164
ZN classic,114,22.601,0.16314,0.010668,10.08,0.336,0.946,0.0013853,29.412,6.7223,12,0.69686,0.186
ZN classic,115,14.885,0.12718,0.010446,5.901,0.446,0.942,0.0014217,35.002,9.0464,12,0.65762,0.2
ZN classic,116,18.73,0.19428,0.012542,11.213,0.404,1.528,0.49301,37.148,13.078,12,0.84328,0.774
ZN classic,117,15.824,0.1581,0.011177,7.8459,0.44,1.166,0.11491,36.658,10.668,12,0.61748,0.222
ZN classic,118,15.639,0.13313,0.011296,6.4292,0.432,0.928,0.0072822,34.47,8.8844,12,0.67428,0.2
ZN classic,119,24.813,0.13576,0.0084337,7.7549,0.298,0.602,2.3362e-06,25.15,4.5936,12,0.65936,0.164
ZN classic,120,23.862,0.15765,0.0098595,9.643,0.32,0.766,0.0011756,27.803,5.8669,12,0.68173,0.178
ZN classic,121,17.074,0.11154,0.0071073,4.8182,0.39,0.69,3.855e-05,29.965,6.4043,12,0.6203,0.174
ZN classic,122,20.96,0.1222,0.012853,7.2266,0.334,0.648,0.00015513,27.582,5.553,12,0.68784,0.174
ZN classic,123,15.29,0.14569,0.009368,6.8021,0.446,0.976,0.038177,35.924,9.7924,12,0.6454,0.208
ZN classic,124,16.788,0.17239,0.010862,8.8951,0.428,1.326,0.17749,36.629,11.012,12,0.57813,0.228
ZN classic,125,22.709,0.11245,0.0091165,5.9666,0.308,0.584,2.0768e-07,24.875,4.4016,12,0.64923,0.158
ZN classic,126,20.238,0.1434,0.0072437,7.4178,0.354,0.694,0.00059075,29.191,6.2572,12,0.64626,0.18
ZN classic,127,16.328,0.19005,0.0079754,9.3238,0.446,1.42,0.30748,38.583,12.647,12,0.80404,0.188
ZN classic,128,24.225,0.17899,0.0093478,11.136,0.326,0.96,0.0045078,29.245,6.7634,12,0.69485,0.186
ZN classic,129,19.601,0.17916,0.011084,10.276,0.382,1.236,0.078435,33.928,9.7059,12,0.80296,0.202
ZN classic,130,24.043,0.17318,0.011148,11.356,0.324,0.958,0.001958,29.32,6.8728,12,0.71159,0.186
ZN classic,131,24.956,0.17905,0.0080744,11.149,0.318,0.932,0.00021549,28.503,6.3347,12,0.67818,0.182
ZN classic,132,22.979,0.1128,0.0095551,5.9931,0.306,0.58,2.0608e-07,24.748,4.359,12,0.65423,0.158
ZN classic,133,18.761,0.1232,0.012627,6.7611,0.366,0.694,0.00055004,29.742,6.4787,12,0.68007,0.182
ZN classic,134,15.137,0.10544,0.0089375,4.5434,0.428,0.742,8.942e-05,32.389,7.4945,12,0.62558,0.182
ZN classic,135,25.889,0.12882,0.011984,8.4563,0.286,0.584,7.3015e-06,24.501,4.3948,12,0.69314,0.162
ZN classic,136,16.077,0.15777,0.01275,8.1677,0.436,1.164,0.16418,36.659,10.997,12,0.70999,0.234
ZN classic,137,22.598,0.19325,0.010447,12.105,0.35,1.188,0.04652,32.137,8.6602,12,0.61602,0.188
ZN classic,138,25.8,0.18033,0.011669,12.515,0.312,0.948,0.012243,28.852,6.7861,12,0.70887,0.184
ZN classic,139,24.662,0.16183,0.0091382,9.9843,0.314,0.758,0.00082445,27.455,5.7238,12,0.67774,0.176
ZN classic,140,20.339,0.12539,0.011665,6.905,0.344,0.66,0.00010622,28.207,5.7996,12,0.67694,0.176
ZN classic,141,16.041,0.15695,0.010215,7.66,0.434,1.144,0.081167,36.007,10.165,12,0.65846,0.218
ZN classic,142,22.063,0.17344,0.007659,9.893,0.346,0.972,0.0047483,30.156,7.0322,12,0.66,0.188
ZN classic,143,21.499,0.14226,0.010685,8.2168,0.338,0.772,0.00094432,28.496,6.0501,12,0.67907,0.18
ZN classic,144,22.328,0.15769,0.011397,9.8319,0.336,0.938,0.0016733,29.319,6.6594,12,0.69869,0.186
ZN classic,145,20.24,0.14666,0.0087206,7.7593,0.356,0.808,0.0016218,29.673,6.544,12,0.66155,0.184
ZN classic,146,16.75,0.16758,0.011174,8.7654,0.424,1.166,0.16492,36.337,10.838,12,0.67098,0.232
ZN classic,147,16.346,0.19247,0.011027,9.8669,0.446,1.806,0.64447,40.019,15.26,12,1.265,0.914
ZN classic,148,20.375,0.18071,0.0099191,10.529,0.372,1.076,0.065544,32.941,8.8844,12,0.703,0.194
ZN classic,149,19.711,0.12824,0.0079368,6.2875,0.354,0.668,2.3958e-05,28.521,5.8739,12,0.64348,0.174
ZN classic,150,22.539,0.18097,0.011067,11.39,0.344,1.024,0.027563,31.22,8.0133,12,0.67158,0.196
ZN classic,151,18.426,0.15681,0.01038,8.4031,0.388,1.046,0.026491,32.838,8.3582,12,0.67083,0.196
ZN classic,152,25.239,0.13989,0.0079887,8.0314,0.296,0.602,6.1296e-06,25.136,4.6043,12,0.65749,0.164
ZN classic,153,24.523,0.18553,0.0072896,11.261,0.326,0.962,0.0062397,29.186,6.693,12,0.67188,0.186
ZN classic,154,16.379,0.16227,0.011733,8.4122,0.43,1.164,0.15364,36.441,10.823,12,0.68253,0.23
ZN classic,155,21.28,0.12224,0.0077058,6.1351,0.33,0.626,1.6639e-07,26.586,5.0608,12,0.64013,0.166
ZN classic,156,20.072,0.1784,0.0083024,9.7185,0.376,1.062,0.035421,32.588,8.4417,12,0.68645,0.196
ZN classic,157,14.902,0.15459,0.0081509,6.9537,0.46,1.172,0.0021666,37.209,10.593,12,0.57733,0.202
ZN classic,158,14.809,0.17459,0.011927,8.4898,0.474,1.646,0.57465,40.916,15.43,12,1.2786,0.946
ZN classic,159,18.78,0.13147,0.0086627,6.4993,0.37,0.7,0.00051828,29.852,6.4863,12,0.64988,0.182
ZN classic,160,18.332,0.15692,0.010167,8.3367,0.39,1.046,0.026075,32.909,8.3796,12,0.67339,0.196
ZN classic,161,18.264,0.16237,0.011055,8.9658,0.396,1.084,0.044282,33.77,9.1119,12,0.72481,0.2
ZN classic,162,20.699,0.13986,0.010743,8.0344,0.346,0.78,0.00068404,29.016,6.2574,12,0.67734,0.182
ZN classic,163,21.103,0.13563,0.0088192,7.3289,0.338,0.662,0.00018027,27.987,5.7184,12,0.65802,0.176
ZN classic,164,20.549,0.16011,0.010665,9.1845,0.358,0.992,0.01065,30.934,7.4318,12,0.67835,0.192
ZN classic,165,18.594,0.15592,0.012915,8.9068,0.388,1.058,0.042938,33.092,8.7089,12,0.65618,0.194
ZN classic,166,19.136,0.18087,0.0074879,9.6178,0.39,1.1,0.012817,33.713,9.1012,12,0.71401,0.208
ZN classic,167,24.503,0.18975,0.0085712,11.746,0.328,0.988,0.014892,29.815,7.1512,12,0.68596,0.19
ZN classic,168,14.145,0.14847,0.0080963,6.4676,0.478,1.034,0.034926,37.998,10.966,12,0.60007,0.202
ZN classic,169,25.66,0.18579,0.012764,13.037,0.316,0.974,0.011808,29.683,7.4503,12,0.75525,0.188
ZN classic,170,21.246,0.15136,0.011996,9.279,0.344,0.942,0.00079108,29.797,6.8414,12,0.70111,0.186
ZN classic,171,21.828,0.12737,0.012606,7.5583,0.326,0.642,0.00019636,27.245,5.4491,12,0.6906,0.174
ZN classic,172,19.276,0.17462,0.010006,9.6134,0.384,1.088,0.048314,33.508,9.1177,12,0.73841,0.2
ZN classic,173,16.2,0.13163,0.010446,6.2968,0.418,0.896,0.0068015,33.343,8.2192,12,0.65714,0.194
ZN classic,174,15.716,0.10624,0.0096033,4.7098,0.416,0.726,7.2324e-05,31.653,7.1587,12,0.63361,0.18
ZN classic,175,23.146,0.16027,0.0089449,9.5747,0.328,0.782,0.00081501,28.397,6.1159,12,0.6747,0.18
ZN classic,176,22.607,0.14861,0.012997,9.5915,0.328,0.902,0.0031083,28.591,6.2943,12,0.70182,0.182
ZN classic,177,23.312,0.17976,0.0085573,10.787,0.336,0.978,0.010313,29.838,7.0102,12,0.67852,0.188
ZN classic,178,15.828,0.12294,0.0095936,5.7332,0.422,0.878,0.0021261,32.983,7.9159,12,0.64387,0.19
ZN classic,179,20.146,0.12251,0.01168,6.7555,0.346,0.658,4.5685e-05,28.158,5.7611,12,0.6751,0.176
ZN classic,180,24.421,0.13344,0.010048,7.9811,0.302,0.608,4.6999e-06,25.474,4.7342,12,0.67398,0.166
ZN classic,181,21.132,0.17001,0.0078848,9.5484,0.356,0.982,0.00019155,30.737,7.2874,12,0.65515,0.19
ZN classic,182,17.37,0.17076,0.010409,9.0383,0.416,1.146,0.11792,35.6,10.374,12,0.727,0.226
ZN classic,183,24.799,0.14531,0.0094397,8.9448,0.304,0.628,8.7819e-05,26.1,5.0437,12,0.67449,0.17
ZN classic,184,17.678,0.12582,0.010905,6.4638,0.386,0.822,0.0012836,30.962,7.0102,12,0.66335,0.186
ZN classic,185,17.176,0.1826,0.0086239,9.2689,0.426,1.332,0.097524,36.559,10.837,12,0.4694,0.19
ZN classic,186,22.08,0.15614,0.010771,9.4839,0.338,0.804,0.00048579,29.25,6.5606,12,0.6908,0.184
ZN classic,187,24.745,0.1203,0.0078989,6.4429,0.292,0.566,9.4321e-08,23.938,4.0912,12,0.64446,0.156
ZN classic,188,15.463,0.11188,0.010205,5.0268,0.424,0.748,0.00028076,32.601,7.6472,12,0.64097,0.186
ZN classic,189,15.989,0.17765,0.0071357,8.3864,0.448,1.214,0.090325,37.503,11.198,12,0.57423,0.186
ZN classic,190,18.495,0.14759,0.0082992,7.4516,0.384,0.86,0.0027927,31.524,7.4155,12,0.64987,0.19
ZN classic,191,18.271,0.12505,0.008691,6.0987,0.376,0.698,0.00026837,29.879,6.4539,12,0.64539,0.18
ZN classic,192,25.122,0.14255,0.0093152,8.7051,0.3,0.616,2.5744e-05,25.636,4.8373,12,0.67228,0.166
ZN classic,193,21.334,0.16477,0.010962,9.8698,0.352,0.994,0.016026,30.717,7.4317,12,0.69051,0.194
ZN classic,194,15.017,0.15737,0.011416,7.6383,0.46,1.206,0.018562,37.946,11.364,12,0.47429,0.18
ZN classic,195,23.547,0.15797,0.0077834,9.1194,0.324,0.764,0.0005185,27.704,5.7515,12,0.66236,0.176
ZN classic,196,15.005,0.13407,0.012565,6.5004,0.448,0.964,0.018513,35.829,9.7704,12,0.7005,0.208
ZN classic,197,19.671,0.18559,0.009758,10.49,0.384,1.114,0.011483,34.167,9.8561,12,0.81811,0.336
ZN classic,198,23.061,0.14866,0.011252,9.2448,0.324,0.762,0.00070742,27.899,5.8804,12,0.68957,0.178
ZN classic,199,17.806,0.18509,0.0085942,9.6865,0.414,1.316,0.14951,35.999,10.634,12,0.56384,0.22
ZN no-overshoot,0,21.644,0.12928,0.0072458,13.846,0.332,1.11,0.058844,30.452,9.112,12,1.2911,0.562
ZN no-overshoot,1,14.198,0.17819,0.012477,15.007,0.492,,3.5585,51.37,35.473,12,4.407,
ZN no-overshoot,2,21.28,0.17065,0.010262,15.529,0.356,1.726,0.42323,35.344,13.045,12,1.1379,0.644
ZN no-overshoot,3,25.221,0.17843,0.0070164,15.649,0.32,1.366,0.06546,31.778,10.588,12,1.3437,0.622
ZN no-overshoot,4,24.289,0.10802,0.011378,13.35,0.292,1.036,0.011322,26.956,7.0785,12,1.314,0.328
ZN no-overshoot,5,16.108,0.18269,0.010249,15.45,0.448,2.402,1.6811,46.241,27,12,3.2895,2.08
ZN no-overshoot,6,17.597,0.14304,0.0071699,13.943,0.398,1.548,0.13806,36.559,13.485,12,1.3113,0.65
ZN no-overshoot,7,15.491,0.16536,0.010883,14.49,0.454,2.366,1.2279,44.496,23.179,12,2.6394,1.67
ZN no-overshoot,8,21.385,0.13953,0.012983,14.298,0.34,1.378,0.099958,32.215,10.25,12,1.3323,0.608
ZN no-overshoot,9,25.77,0.1667,0.010903,15.664,0.31,1.32,0.00087858,30.743,9.6922,12,1.4082,0.602
ZN no-overshoot,10,22.261,0.14,0.0078106,14.201,0.33,1.336,0.073028,30.887,9.4669,12,1.3021,0.588
ZN no-overshoot,11,22.658,0.15228,0.0088615,14.759,0.332,1.376,0.10008,31.792,10.187,12,1.3104,0.608
ZN no-overshoot,12,19.83,0.18505,0.012604,16.16,0.382,2.15,1.1219,39.237,16.409,12,1.042,0.288
ZN no-overshoot,13,18.294,0.15644,0.0089312,14.507,0.394,1.818,0.34814,37.322,14.358,12,1.2152,0.64
ZN no-overshoot,14,21.132,0.13541,0.0093497,13.998,0.34,1.366,0.091984,31.69,9.8935,12,1.2995,0.596
ZN no-overshoot,15,24.683,0.12544,0.010739,14.029,0.298,1.044,0.014634,27.998,7.672,12,1.3389,0.334
ZN no-overshoot,16,15.008,0.17994,0.011723,15.012,0.472,2.48,2.9989,49.078,31.754,12,4.0079,
ZN no-overshoot,17,16.872,0.18388,0.0073514,15.19,0.434,2.34,0.75028,43.733,22.963,12,2.5938,1.658
ZN no-overshoot,18,18.033,0.11853,0.009702,12.986,0.378,1.41,0.064257,33.522,10.838,12,1.2992,0.612
ZN no-overshoot,19,23.556,0.12576,0.0073121,13.817,0.308,1.068,0.026467,28.539,8.0125,12,1.3025,0.338
ZN no-overshoot,20,18.855,0.12287,0.0075445,13.391,0.366,1.394,0.077187,32.788,10.463,12,1.2806,0.602
ZN no-overshoot,21,20.964,0.13188,0.011032,14.12,0.342,1.36,0.085626,31.748,9.8822,12,1.3126,0.594
ZN no-overshoot,22,16.394,0.18979,0.0091907,15.608,0.446,2.408,1.8287,46.615,28.088,12,3.4867,2.106
ZN no-overshoot,23,15.266,0.16162,0.012563,14.537,0.456,2.37,1.2861,44.813,23.463,12,2.6727,1.686
ZN no-overshoot,24,19.285,0.19091,0.0099994,16.131,0.394,2.212,0.97193,40.473,18.135,12,1.5165,0.574
ZN no-overshoot,25,19.103,0.16082,0.012971,15.059,0.382,1.806,0.56202,37.305,14.385,12,1.0581,0.632
ZN no-overshoot,26,25.387,0.1464,0.011546,14.656,0.302,1.048,0.0091136,29.235,8.4841,12,1.382,0.566
ZN no-overshoot,27,19.969,0.15264,0.011715,14.747,0.364,1.472,0.31219,35.044,12.457,12,1.2068,0.636
ZN no-overshoot,28,18.976,0.1711,0.011267,15.229,0.388,1.854,0.71084,38.475,15.602,12,0.99736,0.608
ZN no-overshoot,29,25.185,0.11534,0.011374,13.785,0.288,1.026,0.0099509,26.943,7.0951,12,1.3291,0.328
ZN no-overshoot,30,25.129,0.19211,0.0070882,16.014,0.326,1.636,0.14154,33.181,11.861,12,1.3197,0.644
ZN no-overshoot,31,24.364,0.19331,0.012743,16.794,0.334,1.692,0.19132,35.059,13.552,12,1.3904,0.67
ZN no-overshoot,32,15.785,0.19254,0.01234,15.839,0.46,2.472,3.2886,50.117,35.155,12,4.5963,
ZN no-overshoot,33,23.868,0.1482,0.0083942,14.774,0.316,1.316,0.045843,30.331,9.2169,12,1.3324,0.586
ZN no-overshoot,34,23.623,0.18812,0.0085968,16.065,0.34,1.694,0.30229,34.473,12.771,12,1.2329,0.654
ZN no-overshoot,35,20.467,0.14485,0.012586,14.502,0.354,1.432,0.18923,33.715,11.356,12,1.2825,0.626
ZN no-overshoot,36,14.486,0.17088,0.010686,14.669,0.48,2.486,2.6728,48.259,29.209,12,3.5303,2.208
ZN no-overshoot,37,14.34,0.16973,0.007096,14.355,0.484,2.488,2.4162,47.461,27.43,12,3.1885,1.876
ZN no-overshoot,38,23.095,0.15115,0.012575,15.158,0.326,1.358,0.062599,31.761,10.144,12,1.3666,0.608
ZN no-overshoot,39,14.793,0.18072,0.0074001,14.806,0.478,2.498,2.8353,48.402,29.969,12,3.6508,
ZN no-overshoot,40,18.132,0.14373,0.012796,14.232,0.39,1.524,0.29548,36.566,13.449,12,1.2324,0.64
ZN no-overshoot,41,20.747,0.1283,0.0084501,13.755,0.342,1.13,0.075063,31.334,9.6099,12,1.2919,0.582
ZN no-overshoot,42,24.657,0.12533,0.0077473,13.772,0.298,1.046,0.017141,27.711,7.5638,12,1.3102,0.334
ZN no-overshoot,43,17.46,0.15775,0.010325,14.606,0.408,1.886,0.27285,39.058,16.016,12,1.3627,0.648
ZN no-overshoot,44,23.717,0.15544,0.0087305,15.084,0.322,1.35,0.064119,31.166,9.8326,12,1.3338,0.602
ZN no-overshoot,45,18.955,0.17863,0.010759,15.511,0.392,2.16,0.83708,39.445,16.707,12,1.1143,0.588
ZN no-overshoot,46,25.509,0.13825,0.010316,14.433,0.298,1.04,0.011339,28.387,7.9586,12,1.357,0.336
ZN no-overshoot,47,21.127,0.18135,0.0078728,15.852,0.364,1.782,0.63704,36.406,14.053,12,0.97229,0.628
ZN no-overshoot,48,18.878,0.1869,0.0072584,15.674,0.4,2.208,0.65455,40.139,17.852,12,1.4047,0.876
ZN no-overshoot,49,23.872,0.14238,0.011979,14.523,0.316,1.28,0.028714,30.122,8.9751,12,1.3686,0.58
ZN no-overshoot,50,14.119,0.13785,0.0074718,13.168,0.474,2.026,0.90323,42.357,18.693,12,1.907,1.068
ZN no-overshoot,51,21.831,0.12965,0.011216,14.014,0.328,1.104,0.05529,30.698,9.2082,12,1.3275,0.576
ZN no-overshoot,52,25.326,0.11641,0.012189,13.906,0.288,1.024,0.0092251,27.012,7.1205,12,1.3394,0.328
ZN no-overshoot,53,14.714,0.13927,0.0095786,13.495,0.458,1.99,0.7086,41.633,18.116,12,1.8774,1.034
ZN no-overshoot,54,19.866,0.19288,0.011654,16.153,0.388,2.186,1.2361,39.934,17.278,12,1.3953,0.248
ZN no-overshoot,55,17.706,0.12929,0.012179,13.722,0.388,1.504,0.14161,35.462,12.342,12,1.3002,0.636
ZN no-overshoot,56,24.576,0.15096,0.0090658,14.703,0.312,1.3,0.030434,30.01,9.0298,12,1.3512,0.584
ZN no-overshoot,57,25.939,0.13343,0.0080963,14.07,0.292,1.032,0.011364,27.489,7.4801,12,1.3289,0.332
ZN no-overshoot,58,24.561,0.17811,0.011007,16.152,0.324,1.38,0.068084,32.949,11.473,12,1.3882,0.636
ZN no-overshoot,59,25.501,0.18831,0.011489,16.497,0.32,1.614,0.014922,33.211,11.91,12,1.4462,0.642
ZN no-overshoot,60,24.328,0.12724,0.0078475,14.062,0.304,1.054,0.020438,28.159,7.817,12,1.3124,0.336
ZN no-overshoot,61,22.041,0.16932,0.0080023,15.253,0.348,1.438,0.2822,33.998,11.996,12,1.209,0.636
ZN no-overshoot,62,18.747,0.18692,0.010368,15.864,0.4,2.228,0.79541,40.914,18.69,12,1.5495,0.886
ZN no-overshoot,63,20.94,0.12247,0.010156,13.549,0.338,1.118,0.0556,30.758,9.1841,12,1.3072,0.564
ZN no-overshoot,64,20.281,0.113,0.012892,13.313,0.342,1.124,0.045517,30.822,9.1108,12,1.3198,0.346
ZN no-overshoot,65,20.857,0.10558,0.011636,13.131,0.328,1.104,0.026931,29.513,8.3615,12,1.3038,0.34
ZN no-overshoot,66,25.739,0.15809,0.0089181,15.142,0.306,1.294,0.012321,29.754,8.9579,12,1.3693,0.582
ZN no-overshoot,67,16.25,0.16553,0.0081706,14.546,0.436,2.274,0.53961,42.195,19.982,12,2.1027,1.298
ZN no-overshoot,68,20.932,0.1592,0.012775,15.315,0.354,1.452,0.30871,34.845,12.462,12,1.226,0.64
ZN no-overshoot,69,14.867,0.15,0.011465,13.957,0.46,2.036,1.0283,43.349,20.7,12,2.2431,1.358
ZN no-overshoot,70,16.127,0.13993,0.0073774,13.396,0.426,1.612,0.14941,38.507,15.07,12,1.5136,0.68
ZN no-overshoot,71,22.711,0.1129,0.0093706,13.249,0.312,1.07,0.02164,28.302,7.7843,12,1.3009,0.336
ZN no-overshoot,72,24.482,0.14751,0.012476,15.068,0.31,1.294,0.017985,30.213,9.0956,12,1.3872,0.584
ZN no-overshoot,73,23.191,0.18738,0.0077644,15.995,0.344,1.71,0.37162,34.709,12.902,12,1.1737,0.652
ZN no-overshoot,74,14.883,0.11133,0.012213,12.391,0.44,1.596,0.19183,37.852,13.749,12,1.4441,0.676
ZN no-overshoot,75,21.609,0.14969,0.0079813,14.48,0.342,1.404,0.14257,32.438,10.579,12,1.2757,0.614
ZN no-overshoot,76,22.085,0.13362,0.011265,14.189,0.328,1.102,0.05819,30.837,9.3315,12,1.3322,0.582
ZN no-overshoot,77,19.524,0.15067,0.011738,14.647,0.37,1.484,0.32203,35.38,12.67,12,1.2004,0.636
ZN no-overshoot,78,15.113,0.15709,0.0081834,14.025,0.458,2.042,1.1097,43.302,20.946,12,2.2947,1.378
ZN no-overshoot,79,23.698,0.149,0.012932,14.941,0.32,1.328,0.035221,31.008,9.607,12,1.3835,0.598
ZN no-overshoot,80,16.195,0.19167,0.011806,15.771,0.45,2.434,2.4546,48.437,31.794,12,4.0905,2.488
ZN no-overshoot,81,19.775,0.17822,0.010617,15.62,0.38,1.838,0.83252,38.14,15.399,12,0.86408,0.584
ZN no-overshoot,82,21.861,0.18723,0.0073916,15.904,0.358,1.77,0.62727,36.072,13.899,12,0.98222,0.638
ZN no-overshoot,83,24.02,0.13936,0.0089533,14.373,0.312,1.07,0.030786,29.464,8.5989,12,1.3346,0.56
ZN no-overshoot,84,25.928,0.17531,0.0099132,15.909,0.312,1.338,0.0011047,31.303,10.211,12,1.4082,0.612
ZN no-overshoot,85,19.072,0.18398,0.0075209,15.63,0.394,2.172,0.7187,39.464,16.961,12,1.2023,0.604
ZN no-overshoot,86,22.501,0.17602,0.011795,15.94,0.344,1.696,0.30945,34.848,12.846,12,1.2463,0.654
ZN no-overshoot,87,17.867,0.1767,0.008352,15.156,0.412,2.222,0.3267,40.702,18.367,12,1.6175,0.94
ZN no-overshoot,88,18.348,0.14257,0.010248,14.045,0.386,1.512,0.23401,35.783,12.825,12,1.2498,0.638
ZN no-overshoot,89,15.351,0.14163,0.0070018,13.354,0.444,1.926,0.45959,40.149,16.673,12,1.7122,0.984
ZN no-overshoot,90,22.933,0.18167,0.0078336,15.614,0.344,1.69,0.32403,34.312,12.467,12,1.1957,0.646
ZN no-overshoot,91,22.445,0.1789,0.012891,16.166,0.346,1.716,0.36604,35.434,13.412,12,1.2344,0.662
ZN no-overshoot,92,24.125,0.14317,0.012878,14.716,0.312,1.28,0.021757,30.104,8.9679,12,1.3828,0.58
ZN no-overshoot,93,25.688,0.15033,0.011521,14.805,0.302,1.246,0.0051188,29.343,8.5854,12,1.3896,0.572
ZN no-overshoot,94,24.966,0.14785,0.012183,14.81,0.308,1.27,0.011803,29.762,8.8113,12,1.3886,0.578
ZN no-overshoot,95,22.419,0.13145,0.011606,14.125,0.324,1.092,0.045723,30.368,9.0235,12,1.3391,0.572
ZN no-overshoot,96,20.848,0.11345,0.0093483,13.21,0.334,1.112,0.037205,29.967,8.6774,12,1.2946,0.344
ZN no-overshoot,97,14.885,0.14786,0.0095712,13.693,0.458,2.022,0.89708,42.533,19.535,12,2.0802,1.058
ZN no-overshoot,98,19.085,0.15777,0.0077361,14.642,0.382,1.52,0.36145,36.22,13.47,12,1.1702,0.636
ZN no-overshoot,99,25.205,0.16656,0.011943,15.534,0.312,1.336,0.0061588,31.265,10.036,12,1.4153,0.61
ZN no-overshoot,100,24.762,0.1575,0.0072413,15.09,0.314,1.324,0.039735,30.309,9.3227,12,1.3364,0.59
ZN no-overshoot,101,22.538,0.15621,0.011956,15.1,0.336,1.39,0.11613,32.669,10.834,12,1.3355,0.622
ZN no-overshoot,102,20.386,0.17819,0.012982,15.827,0.372,1.81,0.8464,37.714,15.064,12,0.85321,0.618
ZN no-overshoot,103,18.207,0.12039,0.00935,13.046,0.376,1.422,0.071746,33.449,10.818,12,1.2955,0.612
ZN no-overshoot,104,23.037,0.14453,0.01053,14.616,0.324,1.334,0.056673,30.91,9.5075,12,1.3413,0.592
ZN no-overshoot,105,15.528,0.17035,0.0086805,14.689,0.454,2.386,1.4635,44.92,24.025,12,2.785,1.728
ZN no-overshoot,106,16.287,0.18267,0.010386,15.397,0.444,2.386,1.4176,45.799,26.278,12,3.1626,2.048
ZN no-overshoot,107,19.814,0.18589,0.0075161,15.75,0.382,2.116,0.83626,38.527,15.936,12,0.95312,0.578
ZN no-overshoot,108,22.354,0.13452,0.0080525,14.054,0.326,1.1,0.056379,30.342,9.0815,12,1.3061,0.572
ZN no-overshoot,109,22.098,0.13765,0.0089794,14.064,0.33,1.328,0.069796,30.917,9.4406,12,1.311,0.586
ZN no-overshoot,110,25.324,0.12294,0.010073,13.989,0.29,1.03,0.011306,27.314,7.3224,12,1.3301,0.33
ZN no-overshoot,111,14.288,0.1197,0.012301,12.749,0.46,1.668,0.43365,40.141,15.886,12,1.6102,0.712
ZN no-overshoot,112,23.471,0.15512,0.0083347,14.749,0.326,1.356,0.074256,31.227,9.8541,12,1.3239,0.604
ZN no-overshoot,113,20.693,0.10609,0.011278,12.922,0.332,1.108,0.027986,29.631,8.4205,12,1.3012,0.34
ZN no-overshoot,114,22.601,0.16314,0.010668,15.204,0.338,1.406,0.15958,33.129,11.273,12,1.3054,0.63
ZN no-overshoot,115,14.885,0.12718,0.010446,12.868,0.448,1.65,0.36431,39.596,15.645,12,1.6007,0.702
ZN no-overshoot,116,18.73,0.19428,0.012542,16.44,0.406,,0.85036,42.65,21.355,12,2.1153,1.218
ZN no-overshoot,117,15.824,0.1581,0.011177,14.357,0.442,2.264,0.57905,42.466,20.016,12,2.1009,1.296
ZN no-overshoot,118,15.639,0.13313,0.011296,13.37,0.432,1.622,0.18573,39.103,15.412,12,1.5473,0.684
ZN no-overshoot,119,24.813,0.13576,0.0084337,14.148,0.302,1.052,0.019576,28.488,8.023,12,1.331,0.338
ZN no-overshoot,120,23.862,0.15765,0.0098595,15.091,0.322,1.352,0.058417,31.335,9.9588,12,1.3508,0.606
ZN no-overshoot,121,17.074,0.11154,0.0071073,12.671,0.392,1.222,0.0022019,33.853,10.999,12,1.2988,0.614
ZN no-overshoot,122,20.96,0.1222,0.012853,13.702,0.338,1.116,0.056119,30.992,9.2899,12,1.33,0.574
ZN no-overshoot,123,15.29,0.14569,0.009368,13.637,0.448,1.978,0.57685,41.255,18.002,12,1.867,1.02
ZN no-overshoot,124,16.788,0.17239,0.010862,14.974,0.43,2.296,0.22023,42.737,20.971,12,2.1567,1.302
ZN no-overshoot,125,22.709,0.11245,0.0091165,13.431,0.312,1.07,0.021566,28.289,7.7905,12,1.2979,0.336
ZN no-overshoot,126,20.238,0.1434,0.0072437,14.281,0.356,1.436,0.16625,33.23,11.036,12,1.2528,0.616
ZN no-overshoot,127,16.328,0.19005,0.0079754,15.314,0.448,2.412,1.8778,46.43,27.739,12,3.437,2.112
ZN no-overshoot,128,24.225,0.17899,0.0093478,15.863,0.33,1.392,0.12247,33.055,11.534,12,1.3371,0.638
ZN no-overshoot,129,19.601,0.17916,0.011084,15.74,0.382,2.106,0.89921,38.611,15.831,12,0.86198,0.318
ZN no-overshoot,130,24.043,0.17318,0.011148,15.673,0.326,1.384,0.089066,32.845,11.277,12,1.3688,0.632
ZN no-overshoot,131,24.956,0.17905,0.0080744,15.834,0.322,1.374,0.07464,32.235,10.933,12,1.3507,0.628
ZN no-overshoot,132,22.979,0.1128,0.0095551,13.377,0.31,1.066,0.019981,28.124,7.6961,12,1.3031,0.334
ZN no-overshoot,133,18.761,0.1232,0.012627,13.547,0.368,1.426,0.10604,33.459,10.847,12,1.3051,0.612
ZN no-overshoot,134,15.137,0.10544,0.0089375,12.199,0.43,1.292,0.13487,36.378,12.57,12,1.3613,0.654
ZN no-overshoot,135,25.889,0.12882,0.011984,14.15,0.29,1.024,0.0076045,27.53,7.4191,12,1.3607,0.33
ZN no-overshoot,136,16.077,0.15777,0.01275,14.575,0.436,2.256,0.33519,42.21,19.672,12,1.9857,1.004
ZN no-overshoot,137,22.598,0.19325,0.010447,16.248,0.352,1.76,0.64766,36.377,14.368,12,1.0394,0.668
ZN no-overshoot,138,25.8,0.18033,0.011669,16.009,0.314,1.35,0.013402,32.071,10.854,12,1.4456,0.624
ZN no-overshoot,139,24.662,0.16183,0.0091382,15.081,0.316,1.338,0.03977,30.919,9.7401,12,1.3599,0.604
ZN no-overshoot,140,20.339,0.12539,0.011665,13.629,0.346,1.136,0.078231,31.772,9.8018,12,1.313,0.59
ZN no-overshoot,141,16.041,0.15695,0.010215,14.305,0.436,1.976,0.4001,41.62,18.906,12,1.9266,1.008
ZN no-overshoot,142,22.063,0.17344,0.007659,15.502,0.348,1.674,0.33486,34.404,12.378,12,1.1757,0.638
ZN no-overshoot,143,21.499,0.14226,0.010685,14.337,0.34,1.384,0.10832,32.125,10.247,12,1.3102,0.608
ZN no-overshoot,144,22.328,0.15769,0.011397,15.028,0.338,1.4,0.14247,32.933,11.036,12,1.3159,0.626
ZN no-overshoot,145,20.24,0.14666,0.0087206,14.218,0.358,1.446,0.19802,33.655,11.349,12,1.2485,0.624
ZN no-overshoot,146,16.75,0.16758,0.011174,14.964,0.426,2.268,0.11073,42.108,19.906,12,1.9624,0.988
ZN no-overshoot,147,16.346,0.19247,0.011027,15.753,0.448,2.426,2.2278,47.854,30.68,12,3.9154,2.47
ZN no-overshoot,148,20.375,0.18071,0.0099191,15.883,0.372,1.818,0.80774,37.586,14.985,12,0.86067,0.598
ZN no-overshoot,149,19.711,0.12824,0.0079368,13.696,0.356,1.394,0.094821,32.38,10.266,12,1.2797,0.6
ZN no-overshoot,150,22.539,0.18097,0.011067,15.82,0.348,1.716,0.38195,35.158,13.162,12,1.1987,0.658
ZN no-overshoot,151,18.426,0.15681,0.01038,14.815,0.39,1.82,0.41515,37.451,14.468,12,1.1707,0.636
ZN no-overshoot,152,25.239,0.13989,0.0079887,14.358,0.3,1.048,0.017733,28.49,8.0629,12,1.3337,0.338
ZN no-overshoot,153,24.523,0.18553,0.0072896,15.84,0.328,1.4,0.15725,33.114,11.677,12,1.3018,0.64
ZN no-overshoot,154,16.379,0.16227,0.011733,14.61,0.432,2.26,0.25068,42.053,19.645,12,1.9688,0.998
ZN no-overshoot,155,21.28,0.12224,0.0077058,13.491,0.334,1.112,0.048331,30.182,8.8846,12,1.2901,0.344
ZN no-overshoot,156,20.072,0.1784,0.0083024,15.585,0.376,1.822,0.71227,37.421,14.812,12,0.93634,0.608
ZN no-overshoot,157,14.902,0.15459,0.0081509,13.896,0.46,2.048,1.151,43.358,20.856,12,2.2742,1.38
ZN no-overshoot,158,14.809,0.17459,0.011927,15.015,0.474,2.476,2.7897,48.593,30.356,12,3.7639,
ZN no-overshoot,159,18.78,0.13147,0.0086627,13.547,0.372,1.456,0.12611,33.812,11.225,12,1.2777,0.62
ZN no-overshoot,160,18.332,0.15692,0.010167,14.757,0.392,1.826,0.40255,37.56,14.567,12,1.1846,0.638
ZN no-overshoot,161,18.264,0.16237,0.011055,14.867,0.398,1.858,0.49827,38.435,15.45,12,1.1634,0.632
ZN no-overshoot,162,20.699,0.13986,0.010743,14.216,0.348,1.406,0.13345,32.726,10.61,12,1.2938,0.612
ZN no-overshoot,163,21.103,0.13563,0.0088192,13.991,0.34,1.368,0.093344,31.686,9.9002,12,1.2947,0.596
ZN no-overshoot,164,20.549,0.16011,0.010665,14.955,0.36,1.468,0.34798,35.021,12.578,12,1.1809,0.638
ZN no-overshoot,165,18.594,0.15592,0.012915,14.723,0.388,1.81,0.48046,37.382,14.353,12,1.1219,0.636
ZN no-overshoot,166,19.136,0.18087,0.0074879,15.548,0.392,1.878,0.70461,38.976,16.377,12,1.1146,0.604
ZN no-overshoot,167,24.503,0.18975,0.0085712,16.219,0.332,1.662,0.18316,33.811,12.325,12,1.3107,0.65
ZN no-overshoot,168,14.145,0.14847,0.0080963,13.588,0.48,2.082,1.3388,44.122,21.311,12,2.2693,1.412
ZN no-overshoot,169,25.66,0.18579,0.012764,16.439,0.318,1.588,0.023766,32.971,11.685,12,1.4791,0.638
ZN no-overshoot,170,21.246,0.15136,0.011996,14.92,0.346,1.422,0.18452,33.518,11.342,12,1.2877,0.626
ZN no-overshoot,171,21.828,0.12737,0.012606,13.902,0.328,1.1,0.04953,30.611,9.1126,12,1.3398,0.574
ZN no-overshoot,172,19.276,0.17462,0.010006,15.3,0.386,1.85,0.72621,38.27,15.483,12,0.97668,0.606
ZN no-overshoot,173,16.2,0.13163,0.010446,13.46,0.418,1.588,0.040811,37.828,14.261,12,1.4317,0.668
ZN no-overshoot,174,15.716,0.10624,0.0096033,12.263,0.416,1.268,0.076205,35.552,12.009,12,1.3441,0.64
ZN no-overshoot,175,23.146,0.16027,0.0089449,15.134,0.33,1.382,0.10855,32.134,10.539,12,1.3155,0.618
ZN no-overshoot,176,22.607,0.14861,0.012997,14.829,0.33,1.366,0.076058,31.951,10.217,12,1.3593,0.61
ZN no-overshoot,177,23.312,0.17976,0.0085573,15.653,0.34,1.652,0.24224,33.849,12.105,12,1.2547,0.644
ZN no-overshoot,178,15.828,0.12294,0.0095936,12.83,0.424,1.58,0.099641,37.227,13.55,12,1.419,0.668
ZN no-overshoot,179,20.146,0.12251,0.01168,13.586,0.348,1.138,0.072685,31.722,9.745,12,1.3117,0.586
ZN no-overshoot,180,24.421,0.13344,0.010048,14.128,0.306,1.056,0.020106,28.74,8.1218,12,1.3421,0.338
ZN no-overshoot,181,21.132,0.17001,0.0078848,15.212,0.358,1.716,0.40304,35.054,12.785,12,1.1291,0.636
ZN no-overshoot,182,17.37,0.17076,0.010409,15.021,0.418,2.232,0.21626,41.137,18.719,12,1.6939,0.954
ZN no-overshoot,183,24.799,0.14531,0.0094397,14.739,0.306,1.06,0.02181,29.437,8.6341,12,1.3523,0.568
ZN no-overshoot,184,17.678,0.12582,0.010905,13.515,0.386,1.492,0.1039,34.964,11.932,12,1.3053,0.632
ZN no-overshoot,185,17.176,0.1826,0.0086239,15.436,0.426,2.314,0.34011,43.19,22.05,12,2.3724,1.328
ZN no-overshoot,186,22.08,0.15614,0.010771,14.83,0.34,1.404,0.15256,32.916,10.99,12,1.3016,0.624
ZN no-overshoot,187,24.745,0.1203,0.0078989,13.743,0.294,1.04,0.014681,27.301,7.3397,12,1.3044,0.332
ZN no-overshoot,188,15.463,0.11188,0.010205,12.363,0.426,1.554,0.11381,36.631,12.854,12,1.3881,0.66
ZN no-overshoot,189,15.989,0.17765,0.0071357,14.953,0.448,2.38,1.383,44.714,24.103,12,2.8136,1.73
ZN no-overshoot,190,18.495,0.14759,0.0082992,14.072,0.384,1.52,0.2478,35.876,12.998,12,1.2378,0.638
ZN no-overshoot,191,18.271,0.12505,0.008691,13.254,0.378,1.454,0.089378,33.79,11.117,12,1.29,0.618
ZN no-overshoot,192,25.122,0.14255,0.0093152,14.65,0.302,1.052,0.017117,28.951,8.3292,12,1.3501,0.552
ZN no-overshoot,193,21.334,0.16477,0.010962,15.184,0.354,1.45,0.32132,34.67,12.414,12,1.2066,0.64
ZN no-overshoot,194,15.017,0.15737,0.011416,14.294,0.46,2.36,1.2726,44.341,22.455,12,2.5153,1.402
ZN no-overshoot,195,23.547,0.15797,0.0077834,14.973,0.326,1.364,0.082273,31.405,10.022,12,1.3174,0.606
ZN no-overshoot,196,15.005,0.13407,0.012565,13.426,0.448,1.932,0.43552,40.697,16.979,12,1.7294,0.984
ZN no-overshoot,197,19.671,0.18559,0.009758,16,0.386,2.152,0.95915,39.105,16.425,12,1.0727,0.296
ZN no-overshoot,198,23.061,0.14866,0.011252,14.799,0.326,1.35,0.063062,31.35,9.8345,12,1.35,0.602
ZN no-overshoot,199,17.806,0.18509,0.0085942,15.583,0.416,2.28,0.14523,42.222,20.666,12,2.049,1.27
Optimised (DE),0,21.644,0.12928,0.0072458,3.2458,0.33,0.636,1.9188e-09,26.432,4.9338,12,0.52805,0.164
Optimised (DE),1,14.198,0.17819,0.012477,5.9057,0.492,0.926,0.0011953,39.528,10.955,12,0.59284,0.234
Optimised (DE),2,21.28,0.17065,0.010262,6.088,0.354,0.71,1.1847e-07,29.653,6.1272,12,0.57545,0.19
Optimised (DE),3,25.221,0.17843,0.0070164,5.9824,0.316,0.652,5.097e-08,26.795,5.0463,12,0.55271,0.178
Optimised (DE),4,24.289,0.10802,0.011378,2.5469,0.29,0.604,2.4465e-09,23.654,4.0337,12,0.53592,0.146
Optimised (DE),5,16.108,0.18269,0.010249,6.1443,0.448,0.862,0.0001838,36.415,9.2773,12,0.58286,0.22
Optimised (DE),6,17.597,0.14304,0.0071699,3.8642,0.398,0.73,3.0595e-08,31.21,6.7536,12,0.54271,0.188
Optimised (DE),7,15.491,0.16536,0.010883,5.1827,0.452,0.844,5.5104e-05,36.107,9.0555,12,0.57843,0.216
Optimised (DE),8,21.385,0.13953,0.012983,4.5263,0.338,0.652,7.6054e-09,27.825,5.4062,12,0.57635,0.176
Optimised (DE),9,25.77,0.1667,0.010903,6.1353,0.308,0.632,2.387e-08,26.21,4.84,12,0.57376,0.174
Optimised (DE),10,22.261,0.14,0.0078106,3.6565,0.328,0.634,6.549e-09,26.643,4.9882,12,0.5388,0.17
Optimised (DE),11,22.658,0.15228,0.0088615,4.5482,0.33,0.648,1.768e-08,27.198,5.1777,12,0.55368,0.176
Optimised (DE),12,19.83,0.18505,0.012604,7.3869,0.382,0.778,2.3327e-06,32.328,7.3246,12,0.5992,0.206
Optimised (DE),13,18.294,0.15644,0.0089312,4.7226,0.392,0.74,1.7771e-08,31.497,6.8718,12,0.56105,0.194
Optimised (DE),14,21.132,0.13541,0.0093497,3.5502,0.338,0.644,5.2066e-09,27.395,5.2538,12,0.54752,0.172
Optimised (DE),15,24.683,0.12544,0.010739,3.067,0.296,0.59,2.7131e-10,24.383,4.2356,12,0.54572,0.156
Optimised (DE),16,15.008,0.17994,0.011723,6.105,0.47,0.898,1.3341e-05,38.144,10.195,12,0.5901,0.228
Optimised (DE),17,16.872,0.18388,0.0073514,5.7967,0.432,0.83,6.2994e-05,35.06,8.5868,12,0.566,0.214
Optimised (DE),18,18.033,0.11853,0.009702,3.155,0.376,0.69,9.43e-10,29.332,6.0218,12,0.54025,0.174
Optimised (DE),19,23.556,0.12576,0.0073121,3.1738,0.306,0.614,1.2038e-10,24.855,4.4105,12,0.52242,0.156
Optimised (DE),20,18.855,0.12287,0.0075445,3.2336,0.366,0.68,2.0704e-09,28.564,5.7278,12,0.52907,0.172
Optimised (DE),21,20.964,0.13188,0.011032,3.7036,0.34,0.646,3.306e-09,27.492,5.2931,12,0.55702,0.172
Optimised (DE),22,16.394,0.18979,0.0091907,6.3215,0.446,0.862,0.00017363,36.389,9.2877,12,0.57959,0.222
Optimised (DE),23,15.266,0.16162,0.012563,5.3046,0.456,0.85,5.93e-05,36.386,9.1944,12,0.58667,0.218
Optimised (DE),24,19.285,0.19091,0.0099994,7.0442,0.392,0.792,1.1821e-05,32.969,7.6216,12,0.58457,0.208
Optimised (DE),25,19.103,0.16082,0.012971,5.6122,0.382,0.738,2.6387e-07,31.343,6.8047,12,0.58992,0.198
Optimised (DE),26,25.387,0.1464,0.011546,4.7558,0.3,0.602,4.3785e-09,25.284,4.5142,12,0.56669,0.166
Optimised (DE),27,19.969,0.15264,0.011715,4.9808,0.364,0.7,3.7523e-08,29.769,6.1425,12,0.57634,0.188
Optimised (DE),28,18.976,0.1711,0.011267,6.1234,0.386,0.764,7.7012e-07,32.05,7.1436,12,0.5838,0.202
Optimised (DE),29,25.185,0.11534,0.011374,2.6342,0.286,0.594,8.6344e-10,23.547,3.987,12,0.54156,0.148
Optimised (DE),30,25.129,0.19211,0.0070882,7.1987,0.324,0.682,1.4203e-07,27.755,5.4371,12,0.56028,0.184
Optimised (DE),31,24.364,0.19331,0.012743,8.456,0.332,0.71,5.0154e-08,29.055,5.9616,12,0.60216,0.192
Optimised (DE),32,15.785,0.19254,0.01234,6.9541,0.46,0.9,0.00039238,37.936,10.155,12,0.59991,0.23
Optimised (DE),33,23.868,0.1482,0.0083942,4.0896,0.314,0.62,8.7799e-09,26.023,4.7619,12,0.5461,0.168
Optimised (DE),34,23.623,0.18812,0.0085968,6.9596,0.338,0.698,1.664e-07,28.706,5.7846,12,0.57045,0.188
Optimised (DE),35,20.467,0.14485,0.012586,4.7584,0.352,0.68,1.7973e-08,28.91,5.8119,12,0.5774,0.182
Optimised (DE),36,14.486,0.17088,0.010686,5.2962,0.48,0.892,0.00013773,38.2,10.174,12,0.57939,0.224
Optimised (DE),37,14.34,0.16973,0.007096,4.852,0.482,0.886,0.00025814,37.991,10.062,12,0.55825,0.22
Optimised (DE),38,23.095,0.15115,0.012575,5.3441,0.324,0.646,1.4576e-08,27.213,5.1854,12,0.57969,0.176
Optimised (DE),39,14.793,0.18072,0.0074001,5.4926,0.478,0.894,0.00051715,38.061,10.136,12,0.56496,0.224
Optimised (DE),40,18.132,0.14373,0.012796,4.5647,0.388,0.728,3.7546e-08,31.183,6.7188,12,0.57894,0.192
Optimised (DE),41,20.747,0.1283,0.0084501,3.3604,0.34,0.648,2.2598e-09,27.222,5.2125,12,0.53654,0.168
Optimised (DE),42,24.657,0.12533,0.0077473,3.1121,0.294,0.604,1.3345e-10,24.16,4.1853,12,0.52313,0.154
Optimised (DE),43,17.46,0.15775,0.010325,4.947,0.406,0.768,4.1668e-07,32.73,7.4147,12,0.57108,0.2
Optimised (DE),44,23.717,0.15544,0.0087305,4.718,0.32,0.636,1.6766e-08,26.608,4.9665,12,0.55339,0.172
Optimised (DE),45,18.955,0.17863,0.010759,6.3199,0.392,0.774,4.6896e-06,32.526,7.3725,12,0.58412,0.204
Optimised (DE),46,25.509,0.13825,0.010316,3.9017,0.294,0.59,1.3663e-09,24.609,4.2993,12,0.55119,0.16
Optimised (DE),47,21.127,0.18135,0.0078728,6.1776,0.362,0.728,6.0036e-08,30.217,6.374,12,0.565,0.194
Optimised (DE),48,18.878,0.1869,0.0072584,6.2853,0.398,0.786,6.5073e-06,32.802,7.5231,12,0.56566,0.206
Optimised (DE),49,23.872,0.14238,0.011979,4.4951,0.312,0.616,4.4944e-09,26.048,4.7721,12,0.56886,0.168
Optimised (DE),50,14.119,0.13785,0.0074718,3.7519,0.472,0.838,1.902e-06,36.035,9.0075,12,0.54311,0.204
Optimised (DE),51,21.831,0.12965,0.011216,3.6051,0.326,0.63,1.3522e-09,26.671,5.0021,12,0.5559,0.168
Optimised (DE),52,25.326,0.11641,0.012189,2.7023,0.286,0.588,7.3071e-10,23.596,3.9958,12,0.54907,0.148
Optimised (DE),53,14.714,0.13927,0.0095786,3.9326,0.456,0.816,1.2049e-06,35.286,8.6158,12,0.55595,0.204
Optimised (DE),54,19.866,0.19288,0.011654,7.5539,0.386,0.788,1.9326e-05,32.706,7.5179,12,0.59619,0.208
Optimised (DE),55,17.706,0.12929,0.012179,3.6596,0.388,0.708,7.7968e-09,30.616,6.4959,12,0.56521,0.186
Optimised (DE),56,24.576,0.15096,0.0090658,4.6582,0.308,0.62,1.0343e-08,25.832,4.7072,12,0.55178,0.168
Optimised (DE),57,25.939,0.13343,0.0080963,3.1442,0.288,0.586,3.9144e-10,23.865,4.0723,12,0.53002,0.154
Optimised (DE),58,24.561,0.17811,0.011007,6.925,0.322,0.67,6.4259e-08,27.689,5.3813,12,0.58189,0.184
Optimised (DE),59,25.501,0.18831,0.011489,7.9709,0.318,0.68,1.0247e-07,27.804,5.4578,12,0.58972,0.186
Optimised (DE),60,24.328,0.12724,0.0078475,3.1554,0.3,0.606,5.6943e-11,24.481,4.2834,12,0.52597,0.156
Optimised (DE),61,22.041,0.16932,0.0080023,5.6117,0.346,0.69,7.0533e-08,28.672,5.7387,12,0.55858,0.184
Optimised (DE),62,18.747,0.18692,0.010368,6.8288,0.4,0.798,1.0191e-05,33.328,7.7768,12,0.58539,0.21
Optimised (DE),63,20.94,0.12247,0.010156,3.1271,0.334,0.636,2.2496e-10,26.837,5.0738,12,0.54347,0.166
Optimised (DE),64,20.281,0.113,0.012892,2.8669,0.34,0.632,1.4361e-10,27.029,5.1456,12,0.55601,0.164
Optimised (DE),65,20.857,0.10558,0.011636,2.731,0.326,0.636,1.9531e-09,25.983,4.807,12,0.53937,0.156
Optimised (DE),66,25.739,0.15809,0.0089181,5.138,0.302,0.616,1.3729e-08,25.515,4.6013,12,0.55365,0.168
Optimised (DE),67,16.25,0.16553,0.0081706,5.0083,0.436,0.814,1.4642e-05,34.697,8.3624,12,0.56232,0.208
Optimised (DE),68,20.932,0.1592,0.012775,5.6607,0.354,0.698,4.6129e-08,29.447,6.0223,12,0.58714,0.19
Optimised (DE),69,14.867,0.15,0.011465,4.4583,0.46,0.834,1.2042e-05,36.013,8.9735,12,0.57361,0.212
Optimised (DE),70,16.127,0.13993,0.0073774,3.762,0.424,0.768,1.2723e-07,32.935,7.5144,12,0.54314,0.194
Optimised (DE),71,22.711,0.1129,0.0093706,2.8698,0.31,0.62,5.7388e-10,24.842,4.4192,12,0.52703,0.152
Optimised (DE),72,24.482,0.14751,0.012476,5.1553,0.308,0.62,6.7274e-09,26.035,4.773,12,0.57549,0.17
Optimised (DE),73,23.191,0.18738,0.0077644,6.7612,0.342,0.702,1.6204e-07,28.896,5.8583,12,0.56497,0.188
Optimised (DE),74,14.883,0.11133,0.012213,3.1827,0.44,0.774,9.9104e-10,33.222,7.6741,12,0.55168,0.188
Optimised (DE),75,21.609,0.14969,0.0079813,4.3253,0.34,0.66,1.9122e-08,27.779,5.3935,12,0.54737,0.176
Optimised (DE),76,22.085,0.13362,0.011265,3.8191,0.326,0.628,2.6097e-09,26.72,5.0128,12,0.55895,0.17
Optimised (DE),77,19.524,0.15067,0.011738,4.9141,0.37,0.708,4.0632e-08,30.087,6.2735,12,0.57559,0.19
Optimised (DE),78,15.113,0.15709,0.0081834,4.3923,0.458,0.83,7.6355e-06,35.799,8.8871,12,0.55818,0.21
Optimised (DE),79,23.698,0.149,0.012932,5.3322,0.318,0.634,9.8346e-09,26.696,5.0021,12,0.58062,0.174
Optimised (DE),80,16.195,0.19167,0.011806,6.7889,0.448,0.88,0.00055974,37.153,9.7171,12,0.59629,0.226
Optimised (DE),81,19.775,0.17822,0.010617,6.4704,0.38,0.756,7.8108e-07,31.632,6.9758,12,0.58264,0.2
Optimised (DE),82,21.861,0.18723,0.0073916,6.5346,0.356,0.724,4.6009e-08,29.913,6.2637,12,0.56393,0.194
Optimised (DE),83,24.02,0.13936,0.0089533,3.7315,0.31,0.61,3.3919e-09,25.471,4.5844,12,0.54369,0.164
Optimised (DE),84,25.928,0.17531,0.0099132,6.5337,0.308,0.642,3.7664e-08,26.509,4.9485,12,0.57083,0.176
Optimised (DE),85,19.072,0.18398,0.0075209,6.1518,0.392,0.776,1.0483e-06,32.409,7.3338,12,0.56583,0.204
Optimised (DE),86,22.501,0.17602,0.011795,6.9885,0.342,0.704,1.0186e-07,29.198,5.9664,12,0.58823,0.19
Optimised (DE),87,17.867,0.1767,0.008352,5.664,0.41,0.79,5.8056e-06,33.365,7.7497,12,0.56829,0.206
Optimised (DE),88,18.348,0.14257,0.010248,4.0979,0.384,0.714,2.34e-08,30.598,6.4792,12,0.56114,0.188
Optimised (DE),89,15.351,0.14163,0.0070018,3.8143,0.442,0.796,3.3659e-07,34.181,8.0978,12,0.54251,0.198
Optimised (DE),90,22.933,0.18167,0.0078336,6.2863,0.34,0.694,1.1882e-07,28.718,5.7721,12,0.5629,0.188
Optimised (DE),91,22.445,0.1789,0.012891,7.2313,0.344,0.71,5.3397e-08,29.539,6.1064,12,0.59758,0.194
Optimised (DE),92,24.125,0.14317,0.012878,4.805,0.31,0.614,4.2652e-09,26.024,4.7633,12,0.5761,0.17
Optimised (DE),93,25.688,0.15033,0.011521,5.0403,0.3,0.604,6.2489e-09,25.339,4.5339,12,0.56875,0.166
Optimised (DE),94,24.966,0.14785,0.012183,5.1351,0.304,0.614,6.2018e-09,25.723,4.6687,12,0.57305,0.168
Optimised (DE),95,22.419,0.13145,0.011606,3.6679,0.322,0.62,1.3629e-09,26.359,4.8857,12,0.55956,0.166
Optimised (DE),96,20.848,0.11345,0.0093483,2.895,0.332,0.638,9.0296e-11,26.29,4.9066,12,0.53009,0.16
Optimised (DE),97,14.885,0.14786,0.0095712,4.1288,0.458,0.822,5.1319e-06,35.623,8.7814,12,0.56112,0.208
Optimised (DE),98,19.085,0.15777,0.0077361,4.5682,0.38,0.722,2.8362e-08,30.587,6.4882,12,0.55366,0.19
Optimised (DE),99,25.205,0.16656,0.011943,6.5763,0.31,0.644,2.8674e-08,26.704,5.0226,12,0.58223,0.176
Optimised (DE),100,24.762,0.1575,0.0072413,4.6404,0.312,0.624,1.6258e-08,25.896,4.7271,12,0.54282,0.17
Optimised (DE),101,22.538,0.15621,0.011956,5.5105,0.334,0.662,2.5172e-08,27.869,5.4236,12,0.57851,0.18
Optimised (DE),102,20.386,0.17819,0.012982,6.9119,0.37,0.748,1.5029e-06,31.301,6.837,12,0.59855,0.202
Optimised (DE),103,18.207,0.12039,0.00935,3.1624,0.374,0.688,1.4546e-09,29.23,5.9776,12,0.53931,0.174
Optimised (DE),104,23.037,0.14453,0.01053,4.2982,0.322,0.628,7.7023e-09,26.604,4.9634,12,0.5602,0.172
Optimised (DE),105,15.528,0.17035,0.0086805,5.2554,0.454,0.85,3.3175e-05,36.2,9.1228,12,0.56777,0.216
Optimised (DE),106,16.287,0.18267,0.010386,6.1032,0.444,0.854,0.00018532,36.151,9.1385,12,0.58374,0.22
Optimised (DE),107,19.814,0.18589,0.0075161,6.4185,0.382,0.764,1.2027e-06,31.771,7.058,12,0.56609,0.2
Optimised (DE),108,22.354,0.13452,0.0080525,3.4271,0.324,0.628,3.267e-09,26.269,4.8646,12,0.53628,0.166
Optimised (DE),109,22.098,0.13765,0.0089794,3.6275,0.328,0.632,5.0673e-09,26.729,5.0156,12,0.54534,0.17
Optimised (DE),110,25.324,0.12294,0.010073,3.0398,0.288,0.596,1.8936e-10,23.82,4.0709,12,0.53752,0.152
Optimised (DE),111,14.288,0.1197,0.012301,3.3654,0.458,0.804,1.5744e-08,34.798,8.3742,12,0.55863,0.196
Optimised (DE),112,23.471,0.15512,0.0083347,4.6893,0.322,0.64,1.8281e-08,26.733,5.0151,12,0.55074,0.174
Optimised (DE),113,20.693,0.10609,0.011278,2.6653,0.33,0.634,1.6403e-09,26.109,4.8483,12,0.53738,0.156
Optimised (DE),114,22.601,0.16314,0.010668,5.6753,0.336,0.67,3.9183e-08,28.108,5.5132,12,0.57313,0.182
Optimised (DE),115,14.885,0.12718,0.010446,3.5774,0.446,0.794,4.8244e-08,34.188,8.0874,12,0.55307,0.196
Optimised (DE),116,18.73,0.19428,0.012542,7.5491,0.404,0.818,6.5639e-05,34.145,8.2111,12,0.60268,0.216
Optimised (DE),117,15.824,0.1581,0.011177,4.8496,0.44,0.816,8.5506e-06,35.071,8.5176,12,0.57662,0.21
Optimised (DE),118,15.639,0.13313,0.011296,3.7199,0.432,0.772,1.1561e-08,33.503,7.7485,12,0.56243,0.196
Optimised (DE),119,24.813,0.13576,0.0084337,3.4701,0.298,0.6,1.4422e-09,24.709,4.3402,12,0.53609,0.158
Optimised (DE),120,23.862,0.15765,0.0098595,5.2628,0.32,0.642,2.0406e-08,26.787,5.0368,12,0.5627,0.174
Optimised (DE),121,17.074,0.11154,0.0071073,2.9081,0.39,0.712,1.9843e-10,29.752,6.2258,12,0.5194,0.17
Optimised (DE),122,20.96,0.1222,0.012853,3.2895,0.336,0.628,7.5374e-11,27.035,5.1309,12,0.56297,0.168
Optimised (DE),123,15.29,0.14569,0.009368,4.09,0.446,0.804,1.9986e-06,34.789,8.3717,12,0.55864,0.204
Optimised (DE),124,16.788,0.17239,0.010862,5.8513,0.428,0.82,1.9142e-05,34.758,8.4112,12,0.58206,0.212
Optimised (DE),125,22.709,0.11245,0.0091165,2.815,0.31,0.618,6.2568e-10,24.788,4.4015,12,0.52473,0.152
Optimised (DE),126,20.238,0.1434,0.0072437,3.8,0.354,0.672,1.4678e-08,28.474,5.6523,12,0.54032,0.178
Optimised (DE),127,16.328,0.19005,0.0079754,6.2186,0.446,0.864,4.5172e-05,36.371,9.2778,12,0.57245,0.22
Optimised (DE),128,24.225,0.17899,0.0093478,6.7196,0.328,0.676,7.8535e-08,27.805,5.4292,12,0.57053,0.184
Optimised (DE),129,19.601,0.17916,0.011084,6.6744,0.382,0.766,1.5611e-06,31.946,7.1224,12,0.58631,0.202
Optimised (DE),130,24.043,0.17318,0.011148,6.6756,0.324,0.67,5.7186e-08,27.767,5.4063,12,0.58084,0.182
Optimised (DE),131,24.956,0.17905,0.0080744,6.375,0.32,0.662,6.3943e-08,27.153,5.1846,12,0.56068,0.18
Optimised (DE),132,22.979,0.1128,0.0095551,2.7155,0.306,0.612,6.5434e-10,24.645,4.3485,12,0.52791,0.152
Optimised (DE),133,18.761,0.1232,0.012627,3.3546,0.366,0.672,1.4936e-09,29.103,5.9,12,0.56332,0.178
Optimised (DE),134,15.137,0.10544,0.0089375,2.8222,0.428,0.758,2.7427e-11,32.121,7.2292,12,0.52653,0.178
Optimised (DE),135,25.889,0.12882,0.011984,3.4567,0.286,0.574,3.3525e-10,23.981,4.0989,12,0.55703,0.154
Optimised (DE),136,16.077,0.15777,0.01275,5.0733,0.436,0.812,1.7628e-06,34.844,8.4047,12,0.58633,0.21
Optimised (DE),137,22.598,0.19325,0.010447,7.7302,0.352,0.732,7.6042e-07,30.093,6.3685,12,0.58671,0.196
Optimised (DE),138,25.8,0.18033,0.011669,7.5257,0.312,0.662,6.0213e-08,27.141,5.1965,12,0.58689,0.18
Optimised (DE),139,24.662,0.16183,0.0091382,5.4809,0.314,0.638,2.3912e-08,26.443,4.9224,12,0.559,0.174
Optimised (DE),140,20.339,0.12539,0.011665,3.3889,0.344,0.646,1.0562e-09,27.668,5.3618,12,0.55724,0.172
Optimised (DE),141,16.041,0.15695,0.010215,4.8329,0.434,0.808,4.6994e-06,34.584,8.2849,12,0.57014,0.208
Optimised (DE),142,22.063,0.17344,0.007659,5.6727,0.346,0.694,7.9505e-08,28.86,5.812,12,0.55855,0.186
Optimised (DE),143,21.499,0.14226,0.010685,4.3067,0.338,0.652,1.0209e-08,27.673,5.3525,12,0.56137,0.176
Optimised (DE),144,22.328,0.15769,0.011397,5.459,0.336,0.668,2.9575e-08,28.06,5.4937,12,0.57551,0.182
Optimised (DE),145,20.24,0.14666,0.0087206,4.1856,0.356,0.68,2.0739e-08,28.83,5.7842,12,0.55201,0.18
Optimised (DE),146,16.75,0.16758,0.011174,5.5317,0.426,0.81,4.0865e-06,34.47,8.2522,12,0.58166,0.21
Optimised (DE),147,16.346,0.19247,0.011027,6.8895,0.446,0.878,0.00041971,36.917,9.5955,12,0.59191,0.226
Optimised (DE),148,20.375,0.18071,0.0099191,6.5718,0.372,0.748,3.2445e-07,31.133,6.7655,12,0.5788,0.198
Optimised (DE),149,19.711,0.12824,0.0079368,3.4014,0.354,0.668,3.5876e-09,28.103,5.5397,12,0.53459,0.172
Optimised (DE),150,22.539,0.18097,0.011067,7.004,0.344,0.71,1.6502e-07,29.383,6.0432,12,0.58539,0.192
Optimised (DE),151,18.426,0.15681,0.01038,4.8668,0.388,0.74,8.1086e-09,31.511,6.871,12,0.57055,0.196
Optimised (DE),152,25.239,0.13989,0.0079887,3.6347,0.296,0.598,2.5583e-09,24.648,4.3184,12,0.5353,0.16
Optimised (DE),153,24.523,0.18553,0.0072896,6.5956,0.326,0.676,1.0131e-07,27.749,5.4127,12,0.55919,0.184
Optimised (DE),154,16.379,0.16227,0.011733,5.2592,0.43,0.81,1.9167e-06,34.646,8.322,12,0.58242,0.21
Optimised (DE),155,21.28,0.12224,0.0077058,3.0633,0.332,0.636,2.8446e-10,26.336,4.9112,12,0.52594,0.162
Optimised (DE),156,20.072,0.1784,0.0083024,6.083,0.376,0.746,4.768e-07,31.077,6.7329,12,0.5673,0.198
Optimised (DE),157,14.902,0.15459,0.0081509,4.3113,0.46,0.834,4.1404e-06,35.965,8.9697,12,0.55665,0.21
Optimised (DE),158,14.809,0.17459,0.011927,5.8259,0.474,0.894,5.7066e-05,38.091,10.143,12,0.5887,0.226
Optimised (DE),159,18.78,0.13147,0.0086627,3.5704,0.37,0.688,7.4317e-09,29.283,5.9795,12,0.54276,0.178
Optimised (DE),160,18.332,0.15692,0.010167,4.828,0.39,0.742,3.9746e-08,31.6,6.9097,12,0.56928,0.196
Optimised (DE),161,18.264,0.16237,0.011055,5.4176,0.396,0.76,4.1319e-07,32.182,7.1777,12,0.5781,0.2
Optimised (DE),162,20.699,0.13986,0.010743,4.0727,0.346,0.662,9.9869e-09,28.187,5.5406,12,0.56086,0.178
Optimised (DE),163,21.103,0.13563,0.0088192,3.5208,0.338,0.646,5.4575e-09,27.383,5.2516,12,0.54407,0.172
Optimised (DE),164,20.549,0.16011,0.010665,5.4103,0.358,0.704,6.0093e-08,29.635,6.1015,12,0.57306,0.188
Optimised (DE),165,18.594,0.15592,0.012915,5.2681,0.388,0.74,1.772e-07,31.537,6.8796,12,0.58691,0.198
Optimised (DE),166,19.136,0.18087,0.0074879,5.9671,0.39,0.768,4.5153e-08,32.117,7.194,12,0.56413,0.202
Optimised (DE),167,24.503,0.18975,0.0085712,7.3103,0.33,0.69,1.4948e-07,28.207,5.604,12,0.57008,0.186
Optimised (DE),168,14.145,0.14847,0.0080963,4.0662,0.478,0.85,9.6627e-06,36.834,9.4112,12,0.55284,0.21
Optimised (DE),169,25.66,0.18579,0.012764,8.0827,0.316,0.676,8.7934e-08,27.695,5.4141,12,0.59805,0.184
Optimised (DE),170,21.246,0.15136,0.011996,5.1076,0.346,0.676,2.4459e-08,28.592,5.6905,12,0.57681,0.182
Optimised (DE),171,21.828,0.12737,0.012606,3.6052,0.326,0.624,4.8723e-10,26.652,4.9913,12,0.56454,0.168
Optimised (DE),172,19.276,0.17462,0.010006,6.0937,0.384,0.758,1.1112e-06,31.824,7.0497,12,0.57707,0.2
Optimised (DE),173,16.2,0.13163,0.010446,3.7324,0.418,0.754,1.494e-08,32.527,7.3179,12,0.55605,0.192
Optimised (DE),174,15.716,0.10624,0.0096033,2.8285,0.416,0.74,3.8938e-12,31.382,6.9006,12,0.53084,0.176
Optimised (DE),175,23.146,0.16027,0.0089449,5.1086,0.328,0.652,2.6859e-08,27.33,5.2244,12,0.55854,0.178
Optimised (DE),176,22.607,0.14861,0.012997,5.1344,0.328,0.648,1.2408e-08,27.435,5.2586,12,0.58158,0.178
Optimised (DE),177,23.312,0.17976,0.0085573,6.5519,0.336,0.69,1.0861e-07,28.424,5.6644,12,0.5664,0.186
Optimised (DE),178,15.828,0.12294,0.0095936,3.3906,0.422,0.756,7.9537e-09,32.375,7.2754,12,0.54463,0.188
Optimised (DE),179,20.146,0.12251,0.01168,3.1686,0.346,0.644,4.0731e-10,27.646,5.3555,12,0.55525,0.17
Optimised (DE),180,24.421,0.13344,0.010048,3.6283,0.302,0.602,8.4904e-10,24.977,4.4266,12,0.54698,0.16
Optimised (DE),181,21.132,0.17001,0.0078848,5.4995,0.356,0.706,7.4127e-08,29.463,6.0467,12,0.55927,0.188
Optimised (DE),182,17.37,0.17076,0.010409,5.6844,0.416,0.798,3.2023e-07,33.802,7.9412,12,0.5784,0.208
Optimised (DE),183,24.799,0.14531,0.0094397,4.1801,0.304,0.606,5.1987e-09,25.364,4.5432,12,0.55043,0.164
Optimised (DE),184,17.678,0.12582,0.010905,3.4642,0.386,0.704,4.9672e-09,30.31,6.3857,12,0.55415,0.182
Optimised (DE),185,17.176,0.1826,0.0086239,5.9881,0.426,0.824,5.7329e-05,34.709,8.4116,12,0.5729,0.212
Optimised (DE),186,22.08,0.15614,0.010771,5.1788,0.338,0.668,2.8252e-08,28.085,5.502,12,0.57025,0.18
Optimised (DE),187,24.745,0.1203,0.0078989,2.8864,0.292,0.6,5.2836e-11,23.814,4.0795,12,0.5197,0.15
Optimised (DE),188,15.463,0.11188,0.010205,2.9917,0.424,0.752,8.4975e-10,32.187,7.2225,12,0.53963,0.182
Optimised (DE),189,15.989,0.17765,0.0071357,5.4052,0.448,0.846,1.8013e-05,35.855,8.9674,12,0.56218,0.214
Optimised (DE),190,18.495,0.14759,0.0082992,4.0663,0.384,0.716,2.5276e-08,30.58,6.4772,12,0.55164,0.188
Optimised (DE),191,18.271,0.12505,0.008691,3.3097,0.376,0.692,3.7352e-09,29.407,6.0404,12,0.5387,0.176
Optimised (DE),192,25.122,0.14255,0.0093152,3.9094,0.3,0.596,3.3547e-09,24.981,4.4159,12,0.54713,0.162
Optimised (DE),193,21.334,0.16477,0.010962,5.7111,0.352,0.696,6.2631e-08,29.267,5.9577,12,0.57712,0.188
Optimised (DE),194,15.017,0.15737,0.011416,4.8133,0.46,0.844,3.3728e-05,36.323,9.1459,12,0.57737,0.214
Optimised (DE),195,23.547,0.15797,0.0077834,4.6308,0.324,0.638,1.9753e-08,26.766,5.019,12,0.54857,0.174
Optimised (DE),196,15.005,0.13407,0.012565,3.82,0.448,0.794,9.4219e-09,34.673,8.2905,12,0.57071,0.202
Optimised (DE),197,19.671,0.18559,0.009758,6.6791,0.384,0.77,4.8253e-06,32.144,7.2222,12,0.58043,0.204
Optimised (DE),198,23.061,0.14866,0.011252,4.7402,0.324,0.636,1.0912e-08,26.913,5.0698,12,0.56826,0.174
Optimised (DE),199,17.806,0.18509,0.0085942,6.2675,0.414,0.812,3.3354e-05,34.09,8.1241,12,0.57365,0.21
"ZN classic, no anti-windup",0,21.644,0.12928,0.0072458,109.46,0.328,,5.4754,289.16,740.54,12,103.13,
"ZN classic, no anti-windup",1,14.198,0.17819,0.012477,117.62,0.492,,32.27,320.77,830.61,12,130.55,
"ZN classic, no anti-windup",2,21.28,0.17065,0.010262,119.66,0.354,,101.15,370.35,1026.8,12,155.06,
"ZN classic, no anti-windup",3,25.221,0.17843,0.0070164,121.03,0.316,,44.555,399.71,1109.2,12,165.8,
"ZN classic, no anti-windup",4,24.289,0.10802,0.011378,106.59,0.29,,81.846,256.27,620.44,12,88.073,
"ZN classic, no anti-windup",5,16.108,0.18269,0.010249,119.01,0.448,,73.09,359.07,998.45,12,149.29,
"ZN classic, no anti-windup",6,17.597,0.14304,0.0071699,111.42,0.398,,99.357,304.49,803.83,12,113.06,
"ZN classic, no anti-windup",7,15.491,0.16536,0.010883,115.89,0.452,,71.715,340.1,935.3,12,135.95,
"ZN classic, no anti-windup",8,21.385,0.13953,0.012983,114.41,0.338,,42.12,306.36,768.27,12,119.59,
"ZN classic, no anti-windup",9,25.77,0.1667,0.010903,120.78,0.306,,18.409,376.57,998.12,12,160.42,
"ZN classic, no anti-windup",10,22.261,0.14,0.0078106,112.29,0.328,,9.7858,302.99,769.08,12,115.23,
"ZN classic, no anti-windup",11,22.658,0.15228,0.0088615,115.61,0.33,,34.984,323.99,825.54,12,129.96,
"ZN classic, no anti-windup",12,19.83,0.18505,0.012604,122.75,0.382,,132.35,356.83,933.14,12,151.72,
"ZN classic, no anti-windup",13,18.294,0.15644,0.0089312,114.99,0.392,,111.08,319.34,838.25,12,132.78,
"ZN classic, no anti-windup",14,21.132,0.13541,0.0093497,111.75,0.338,,26.974,290.22,720.54,12,107.54,
"ZN classic, no anti-windup",15,24.683,0.12544,0.010739,111.33,0.296,,72.309,297.88,752.9,12,115.33,
"ZN classic, no anti-windup",16,15.008,0.17994,0.011723,118.27,0.47,,49.529,338.05,908.18,12,149.18,
"ZN classic, no anti-windup",17,16.872,0.18388,0.0073514,118.61,0.432,,91.784,360.89,1002.5,12,145.82,
"ZN classic, no anti-windup",18,18.033,0.11853,0.009702,107.57,0.376,,55.581,253.21,601.19,12,88.892,
"ZN classic, no anti-windup",19,23.556,0.12576,0.0073121,108.89,0.306,,57.66,280.26,693.89,12,103.95,
"ZN classic, no anti-windup",20,18.855,0.12287,0.0075445,107.74,0.364,,41.737,259.84,628.41,12,89.89,
"ZN classic, no anti-windup",21,20.964,0.13188,0.011032,111.7,0.34,,26.958,288.25,715.12,12,106,
"ZN classic, no anti-windup",22,16.394,0.18979,0.0091907,120,0.446,,74.956,365.53,1019.3,12,153.86,
"ZN classic, no anti-windup",23,15.266,0.16162,0.012563,115.7,0.456,,67.948,337.44,926.5,12,135.03,
"ZN classic, no anti-windup",24,19.285,0.19091,0.0099994,122.37,0.392,,128.97,365.1,975.62,12,153.72,
"ZN classic, no anti-windup",25,19.103,0.16082,0.012971,117.87,0.382,,116.06,333.22,877.47,12,142.28,
"ZN classic, no anti-windup",26,25.387,0.1464,0.011546,116.41,0.3,,26.041,345.77,911.86,12,147.07,
"ZN classic, no anti-windup",27,19.969,0.15264,0.011715,116.11,0.362,,91.483,341.78,931.87,12,132.87,
"ZN classic, no anti-windup",28,18.976,0.1711,0.011267,119.08,0.386,,123.26,332.9,858.49,12,137.1,
"ZN classic, no anti-windup",29,25.185,0.11534,0.011374,108.56,0.286,,90.666,287.11,735.33,12,101.66,
"ZN classic, no anti-windup",30,25.129,0.19211,0.0070882,123.9,0.324,,77.854,431.73,1244.2,12,184.38,
"ZN classic, no anti-windup",31,24.364,0.19331,0.012743,126.81,0.332,,108,425.55,1204.8,12,197.39,
"ZN classic, no anti-windup",32,15.785,0.19254,0.01234,121.13,0.46,,56.891,353.74,957.33,12,159.58,
"ZN classic, no anti-windup",33,23.868,0.1482,0.0083942,114.77,0.314,,0.95993,324.45,832.8,12,126.86,
"ZN classic, no anti-windup",34,23.623,0.18812,0.0085968,123.34,0.336,,96.637,410.94,1167.7,12,179.06,
"ZN classic, no anti-windup",35,20.467,0.14485,0.012586,115.08,0.352,,70.249,326.82,865.44,12,124.61,
"ZN classic, no anti-windup",36,14.486,0.17088,0.010686,116.09,0.48,,45.125,327.44,876.52,12,141.09,
"ZN classic, no anti-windup",37,14.34,0.16973,0.007096,114.62,0.482,,45.455,323.98,870.31,12,136.43,
"ZN classic, no anti-windup",38,23.095,0.15115,0.012575,117.37,0.324,,35.444,336.02,866.01,12,136.65,
"ZN classic, no anti-windup",39,14.793,0.18072,0.0074001,116.78,0.478,,47.685,333.01,894.02,12,145.09,
"ZN classic, no anti-windup",40,18.132,0.14373,0.012796,114,0.388,,103.99,317.09,843.18,12,123.49,
"ZN classic, no anti-windup",41,20.747,0.1283,0.0084501,109.66,0.34,,15.472,283.16,714.51,12,102.5,
"ZN classic, no anti-windup",42,24.657,0.12533,0.0077473,111.15,0.294,,80.919,287.49,721.01,12,108.12,
"ZN classic, no anti-windup",43,17.46,0.15775,0.010325,115.42,0.406,,113.52,309.64,786.1,12,125.01,
"ZN classic, no anti-windup",44,23.717,0.15544,0.0087305,116.55,0.32,,21.765,333.2,851.99,12,135.96,
"ZN classic, no anti-windup",45,18.955,0.17863,0.010759,120.25,0.392,,125.98,341.57,885.88,12,143.38,
"ZN classic, no anti-windup",46,25.509,0.13825,0.010316,113.82,0.294,,55.741,342.03,923.25,12,136.43,
"ZN classic, no anti-windup",47,21.127,0.18135,0.0078728,120.58,0.362,,114.83,365.93,993.93,12,164.55,
"ZN classic, no anti-windup",48,18.878,0.1869,0.0072584,120.25,0.398,,125.2,348.57,915.24,12,146.27,
"ZN classic, no anti-windup",49,23.872,0.14238,0.011979,115.29,0.312,,4.2725,325.75,838.97,12,126.78,
"ZN classic, no anti-windup",50,14.119,0.13785,0.0074718,109.33,0.472,,62.445,293.96,770.01,12,111.78,
"ZN classic, no anti-windup",51,21.831,0.12965,0.011216,111.5,0.326,,3.6383,298.43,765.43,12,112.9,
"ZN classic, no anti-windup",52,25.326,0.11641,0.012189,109.3,0.286,,92.571,292.36,750.37,12,105.89,
"ZN classic, no anti-windup",53,14.714,0.13927,0.0095786,110.52,0.456,,73.982,293.66,757.84,12,113.71,
"ZN classic, no anti-windup",54,19.866,0.19288,0.011654,123.79,0.386,,134.08,370.96,989.06,12,157.78,
"ZN classic, no anti-windup",55,17.706,0.12929,0.012179,110.7,0.388,,87.379,293.39,761.96,12,104.2,
"ZN classic, no anti-windup",56,24.576,0.15096,0.0090658,115.91,0.308,,5.9147,334.34,862.45,12,133.5,
"ZN classic, no anti-windup",57,25.939,0.13343,0.0080963,120.95,0.288,,86.021,314.87,812.17,12,125.68,
"ZN classic, no anti-windup",58,24.561,0.17811,0.011007,122.87,0.322,,67.951,414.72,1179.6,12,172.48,
"ZN classic, no anti-windup",59,25.501,0.18831,0.011489,125.64,0.318,,77.599,441.6,1277.1,12,190.27,
"ZN classic, no anti-windup",60,24.328,0.12724,0.0078475,109.62,0.3,,69.281,289.29,723.94,12,110.06,
"ZN classic, no anti-windup",61,22.041,0.16932,0.0080023,118.61,0.346,,81.45,372.69,1037.7,12,149.45,
"ZN classic, no anti-windup",62,18.747,0.18692,0.010368,121.48,0.4,,123.55,362.01,972.48,12,150.76,
"ZN classic, no anti-windup",63,20.94,0.12247,0.010156,109.18,0.334,,2.0396,280.81,711.3,12,97.759,
"ZN classic, no anti-windup",64,20.281,0.113,0.012892,108.11,0.34,,1.5715,264.21,650.15,12,89.781,
"ZN classic, no anti-windup",65,20.857,0.10558,0.011636,105.86,0.326,,34.449,244.75,584.98,12,84.506,
"ZN classic, no anti-windup",66,25.739,0.15809,0.0089181,117.73,0.302,,10.774,351.31,911.93,12,145.47,
"ZN classic, no anti-windup",67,16.25,0.16553,0.0081706,115.39,0.434,,91.263,330.63,886.62,12,131.43,
"ZN classic, no anti-windup",68,20.932,0.1592,0.012775,118.34,0.354,,91.517,360.55,996.32,12,144.28,
"ZN classic, no anti-windup",69,14.867,0.15,0.011465,113.09,0.46,,68.201,319.8,863.23,12,124.63,
"ZN classic, no anti-windup",70,16.127,0.13993,0.0073774,110.41,0.424,,101.54,284.31,716.16,12,107.67,
"ZN classic, no anti-windup",71,22.711,0.1129,0.0093706,106.71,0.31,,65.945,262.51,648.42,12,89.88,
"ZN classic, no anti-windup",72,24.482,0.14751,0.012476,116.92,0.308,,1.3897,335.72,862.71,12,135.67,
"ZN classic, no anti-windup",73,23.191,0.18738,0.0077644,122.58,0.342,,98.941,403.05,1139.5,12,175.34,
"ZN classic, no anti-windup",74,14.883,0.11133,0.012213,106.36,0.44,,90.782,262.61,660.03,12,91.871,
"ZN classic, no anti-windup",75,21.609,0.14969,0.0079813,114.33,0.34,,46.626,314.27,798.65,12,123.23,
"ZN classic, no anti-windup",76,22.085,0.13362,0.011265,112.49,0.326,,8.3711,302,768.52,12,118.19,
"ZN classic, no anti-windup",77,19.524,0.15067,0.011738,115.55,0.37,,94.743,335.99,912.1,12,130.26,
"ZN classic, no anti-windup",78,15.113,0.15709,0.0081834,113.32,0.458,,71.394,323.36,874.95,12,126.38,
"ZN classic, no anti-windup",79,23.698,0.149,0.012932,117.24,0.318,,19.499,333.21,850.77,12,136.15,
"ZN classic, no anti-windup",80,16.195,0.19167,0.011806,121.12,0.448,,66.9,363.29,1002.2,12,158.76,
"ZN classic, no anti-windup",81,19.775,0.17822,0.010617,120.56,0.378,,125.99,344.29,895.27,12,142.43,
"ZN classic, no anti-windup",82,21.861,0.18723,0.0073916,121.81,0.356,,114.6,378.18,1036,12,172.42,
"ZN classic, no anti-windup",83,24.02,0.13936,0.0089533,113.06,0.31,,25.517,326.04,863.99,12,129.15,
"ZN classic, no anti-windup",84,25.928,0.17531,0.0099132,122.17,0.308,,34.036,403.75,1112.7,12,170.01,
"ZN classic, no anti-windup",85,19.072,0.18398,0.0075209,119.93,0.392,,126.22,342.45,889.04,12,143.78,
"ZN classic, no anti-windup",86,22.501,0.17602,0.011795,121.99,0.342,,97.792,392.29,1103.2,12,167.25,
"ZN classic, no anti-windup",87,17.867,0.1767,0.008352,118.32,0.41,,115.41,337.34,884.97,12,139.31,
"ZN classic, no anti-windup",88,18.348,0.14257,0.010248,112.83,0.384,,95.076,314.39,838.28,12,117.23,
"ZN classic, no anti-windup",89,15.351,0.14163,0.0070018,110.3,0.442,,89.207,282.24,702.96,12,110.81,
"ZN classic, no anti-windup",90,22.933,0.18167,0.0078336,121.35,0.34,,91.757,396.53,1121,12,167.1,
"ZN classic, no anti-windup",91,22.445,0.1789,0.012891,123.07,0.344,,106.65,392.36,1095.4,12,173.44,
"ZN classic, no anti-windup",92,24.125,0.14317,0.012878,116.01,0.308,,4.3355,329.72,848.83,12,130.14,
"ZN classic, no anti-windup",93,25.688,0.15033,0.011521,117.39,0.3,,21.475,349.6,914.84,12,141.18,
"ZN classic, no anti-windup",94,24.966,0.14785,0.012183,116.98,0.304,,11.228,340.71,882.97,12,137.05,
"ZN classic, no anti-windup",95,22.419,0.13145,0.011606,112.22,0.322,,3.2717,306.35,792.51,12,118.02,
"ZN classic, no anti-windup",96,20.848,0.11345,0.0093483,106.69,0.332,,20.937,249.95,593.31,12,87.498,
"ZN classic, no anti-windup",97,14.885,0.14786,0.0095712,112.09,0.458,,71.73,311.19,828.36,12,120.59,
"ZN classic, no anti-windup",98,19.085,0.15777,0.0077361,115.07,0.38,,103.28,331.63,893.82,12,131.98,
"ZN classic, no anti-windup",99,25.205,0.16656,0.011943,121.14,0.31,,32.115,382.96,1032.5,12,160.75,
"ZN classic, no anti-windup",100,24.762,0.1575,0.0072413,116.47,0.312,,1.4179,338.79,871.1,12,138.39,
"ZN classic, no anti-windup",101,22.538,0.15621,0.011956,117.95,0.334,,55.88,353.47,948.29,12,140.86,
"ZN classic, no anti-windup",102,20.386,0.17819,0.012982,121.92,0.37,,126.48,353.58,927.45,12,145.7,
"ZN classic, no anti-windup",103,18.207,0.12039,0.00935,107.86,0.374,,54.923,255.61,608.51,12,89.965,
"ZN classic, no anti-windup",104,23.037,0.14453,0.01053,114.84,0.322,,13.643,316.46,801.1,12,124.37,
"ZN classic, no anti-windup",105,15.528,0.17035,0.0086805,115.99,0.454,,70.688,342.18,942.94,12,137.48,
"ZN classic, no anti-windup",106,16.287,0.18267,0.010386,119.17,0.444,,76.975,361.43,1007.5,12,149.31,
"ZN classic, no anti-windup",107,19.814,0.18589,0.0075161,120.66,0.382,,128.03,346.65,900.5,12,145.18,
"ZN classic, no anti-windup",108,22.354,0.13452,0.0080525,111.17,0.324,,5.2732,303.4,786.1,12,114.56,
"ZN classic, no anti-windup",109,22.098,0.13765,0.0089794,112.3,0.328,,11.053,301.33,763.6,12,114.32,
"ZN classic, no anti-windup",110,25.324,0.12294,0.010073,112.68,0.288,,90.552,294.66,746.94,12,111.81,
"ZN classic, no anti-windup",111,14.288,0.1197,0.012301,107.76,0.458,,75.859,264.25,646.61,12,101.1,
"ZN classic, no anti-windup",112,23.471,0.15512,0.0083347,116.2,0.322,,24.456,330.37,843.41,12,134.2,
"ZN classic, no anti-windup",113,20.693,0.10609,0.011278,105.81,0.328,,30.264,243.82,580.93,12,84.193,
"ZN classic, no anti-windup",114,22.601,0.16314,0.010668,118.82,0.336,,66.482,369.52,1016.6,12,147.45,
"ZN classic, no anti-windup",115,14.885,0.12718,0.010446,108.71,0.446,,85.978,269.61,662.82,12,103.49,
"ZN classic, no anti-windup",116,18.73,0.19428,0.012542,123.68,0.404,,118.48,389.42,1089.4,12,160.75,
"ZN classic, no anti-windup",117,15.824,0.1581,0.011177,114.94,0.44,,84.585,327.67,880.71,12,129.4,
"ZN classic, no anti-windup",118,15.639,0.13313,0.011296,110.38,0.432,,96.587,279.1,693.79,12,107.56,
"ZN classic, no anti-windup",119,24.813,0.13576,0.0084337,112.06,0.298,,54.359,324.05,859.21,12,125.49,
"ZN classic, no anti-windup",120,23.862,0.15765,0.0098595,117.64,0.32,2.494,28.043,343.24,887.67,12,141.34,
"ZN classic, no anti-windup",121,17.074,0.11154,0.0071073,104.93,0.39,,55.847,238.07,558.66,12,80.894,
"ZN classic, no anti-windup",122,20.96,0.1222,0.012853,110.35,0.334,,8.9225,286.46,727.96,12,103.09,
"ZN classic, no anti-windup",123,15.29,0.14569,0.009368,111.83,0.446,,83.068,298.57,767.93,12,117.43,
"ZN classic, no anti-windup",124,16.788,0.17239,0.010862,117.9,0.428,,95.745,348.96,953.44,12,140.07,
"ZN classic, no anti-windup",125,22.709,0.11245,0.0091165,106.48,0.308,,67.613,260.91,643.73,12,89.064,
"ZN classic, no anti-windup",126,20.238,0.1434,0.0072437,112.29,0.354,,57.114,297.47,747.4,12,112.55,
"ZN classic, no anti-windup",127,16.328,0.19005,0.0079754,119.55,0.446,,74.375,363.73,1013.6,12,152.64,
"ZN classic, no anti-windup",128,24.225,0.17899,0.0093478,122.08,0.326,,70.403,408.86,1160.5,12,169.3,
"ZN classic, no anti-windup",129,19.601,0.17916,0.011084,120.84,0.382,,127.62,344.4,892.99,12,144.02,
"ZN classic, no anti-windup",130,24.043,0.17318,0.011148,121.72,0.324,,65.824,401.39,1130.7,12,164.9,
"ZN classic, no anti-windup",131,24.956,0.17905,0.0080744,121.64,0.318,,54.066,406.79,1143,12,168.25,
"ZN classic, no anti-windup",132,22.979,0.1128,0.0095551,106.8,0.306,,71.115,264.4,655.73,12,90.019,
"ZN classic, no anti-windup",133,18.761,0.1232,0.012627,109.93,0.366,,57.517,268.75,649.37,12,96.664,
"ZN classic, no anti-windup",134,15.137,0.10544,0.0089375,104.16,0.428,,84.817,242.12,582.59,12,81.763,
"ZN classic, no anti-windup",135,25.889,0.12882,0.011984,121.89,0.286,,84.573,319.59,829.36,12,127.76,
"ZN classic, no anti-windup",136,16.077,0.15777,0.01275,115.59,0.436,,89.319,328.63,879.77,12,130.5,
"ZN classic, no anti-windup",137,22.598,0.19325,0.010447,124.78,0.35,,122.78,389.01,1056.8,12,179.3,
"ZN classic, no anti-windup",138,25.8,0.18033,0.011669,124.19,0.312,,54.738,429.28,1223.5,12,180.35,
"ZN classic, no anti-windup",139,24.662,0.16183,0.0091382,118.43,0.314,,20.9,352.76,917.12,12,147.31,
"ZN classic, no anti-windup",140,20.339,0.12539,0.011665,110.39,0.344,,26.648,279.58,693.48,12,101.57,
"ZN classic, no anti-windup",141,16.041,0.15695,0.010215,114.51,0.434,,91.282,318.43,837.93,12,126.66,
"ZN classic, no anti-windup",142,22.063,0.17344,0.007659,119.27,0.346,,88.279,378.21,1058.4,12,154.3,
"ZN classic, no anti-windup",143,21.499,0.14226,0.010685,113.97,0.338,,39.512,305.1,763.67,12,118.84,
"ZN classic, no anti-windup",144,22.328,0.15769,0.011397,117.92,0.336,,61.333,356.5,964.86,12,141.32,
"ZN classic, no anti-windup",145,20.24,0.14666,0.0087206,113.64,0.356,,67.863,316.38,826.34,12,119.51,
"ZN classic, no anti-windup",146,16.75,0.16758,0.011174,117.15,0.424,,98.293,339.18,912.68,12,136.19,
"ZN classic, no anti-windup",147,16.346,0.19247,0.011027,121.08,0.446,,70.257,366.21,1015.5,12,158.44,
"ZN classic, no anti-windup",148,20.375,0.18071,0.0099191,121.05,0.372,,124.4,352.08,926.02,12,143.68,
"ZN classic, no anti-windup",149,19.711,0.12824,0.0079368,109.23,0.354,,36.299,270.98,662.14,12,94.99,
"ZN classic, no anti-windup",150,22.539,0.18097,0.011067,122.66,0.344,,104.57,393.31,1101.1,12,172.56,
"ZN classic, no anti-windup",151,18.426,0.15681,0.01038,115.72,0.388,,112.65,321.74,843.4,12,135,
"ZN classic, no anti-windup",152,25.239,0.13989,0.0079887,112.86,0.296,,53.762,335.55,901.37,12,132.33,
"ZN classic, no anti-windup",153,24.523,0.18553,0.0072896,122.44,0.326,,73.605,416.73,1190.5,12,174.34,
"ZN classic, no anti-windup",154,16.379,0.16227,0.011733,116.2,0.43,,93.597,332.45,890.76,12,132.69,
"ZN classic, no anti-windup",155,21.28,0.12224,0.0077058,108.02,0.33,,13.614,269.57,665.63,12,93.007,
"ZN classic, no anti-windup",156,20.072,0.1784,0.0083024,119.73,0.376,,121.24,346.72,913.5,12,141.02,
"ZN classic, no anti-windup",157,14.902,0.15459,0.0081509,112.78,0.46,,68.335,320.01,864.37,12,124.64,
"ZN classic, no anti-windup",158,14.809,0.17459,0.011927,117.33,0.474,,48.748,334.31,899.09,12,145.26,
"ZN classic, no anti-windup",159,18.78,0.13147,0.0086627,110.03,0.37,,64.257,276.21,678.25,12,100.02,
"ZN classic, no anti-windup",160,18.332,0.15692,0.010167,115.6,0.39,,112.99,320.01,836,12,133.51,
"ZN classic, no anti-windup",161,18.264,0.16237,0.011055,116.97,0.396,,118.14,320.17,821.2,12,129.23,
"ZN classic, no anti-windup",162,20.699,0.13986,0.010743,113.25,0.346,,50.036,299.7,749.81,12,115.02,
"ZN classic, no anti-windup",163,21.103,0.13563,0.0088192,111.54,0.338,,26.54,289.45,718.78,12,106.79,
"ZN classic, no anti-windup",164,20.549,0.16011,0.010665,117.41,0.358,,93.793,354.07,974.33,12,141.05,
"ZN classic, no anti-windup",165,18.594,0.15592,0.012915,116.66,0.388,,114.23,325.01,851.84,12,137,
"ZN classic, no anti-windup",166,19.136,0.18087,0.0074879,119.38,0.39,,125.25,337.76,872.7,12,140.82,
"ZN classic, no anti-windup",167,24.503,0.18975,0.0085712,123.99,0.328,,86.94,424.72,1218.9,12,183.11,
"ZN classic, no anti-windup",168,14.145,0.14847,0.0080963,111.34,0.478,,55.054,311.9,840.63,12,121.02,
"ZN classic, no anti-windup",169,25.66,0.18579,0.012764,125.89,0.316,,73.557,443.16,1281.5,12,190.08,
"ZN classic, no anti-windup",170,21.246,0.15136,0.011996,116.46,0.344,,68.389,341.79,917.91,12,132.66,
"ZN classic, no anti-windup",171,21.828,0.12737,0.012606,111.63,0.326,,2.2024,298.68,767.23,12,112.39,
"ZN classic, no anti-windup",172,19.276,0.17462,0.010006,119.37,0.384,,123.88,336.49,870.74,12,138.46,
"ZN classic, no anti-windup",173,16.2,0.13163,0.010446,110,0.418,,101.21,285.48,731.14,12,106.84,
"ZN classic, no anti-windup",174,15.716,0.10624,0.0096033,104.62,0.416,,78.718,236.91,554.45,12,81.544,
"ZN classic, no anti-windup",175,23.146,0.16027,0.0089449,117.54,0.328,,44.973,349.09,921.75,12,141.22,
"ZN classic, no anti-windup",176,22.607,0.14861,0.012997,116.85,0.328,,39.978,330.73,850.34,12,133.22,
"ZN classic, no anti-windup",177,23.312,0.17976,0.0085573,121.5,0.336,,84.307,400.42,1135,12,166.79,
"ZN classic, no anti-windup",178,15.828,0.12294,0.0095936,107.91,0.422,,96.062,275.75,705.91,12,95.914,
"ZN classic, no anti-windup",179,20.146,0.12251,0.01168,109.72,0.346,2.494,24.118,276.82,689.74,12,99.75,
"ZN classic, no anti-windup",180,24.421,0.13344,0.010048,112.32,0.302,,46.492,322.72,855.45,12,124.3,
"ZN classic, no anti-windup",181,21.132,0.17001,0.0078848,118.36,0.356,,96.306,365.19,1012.3,12,149.17,
"ZN classic, no anti-windup",182,17.37,0.17076,0.010409,117.79,0.416,,109.16,335.72,886.25,12,137.22,
"ZN classic, no anti-windup",183,24.799,0.14531,0.0094397,114.88,0.304,,24.22,337.43,891.62,12,142.41,
"ZN classic, no anti-windup",184,17.678,0.12582,0.010905,109.49,0.386,,79.312,278.95,703.25,12,97.667,
"ZN classic, no anti-windup",185,17.176,0.1826,0.0086239,119.07,0.426,,98.404,361.09,998.42,12,145.92,
"ZN classic, no anti-windup",186,22.08,0.15614,0.010771,117.21,0.338,,60.531,349.1,937.33,12,137.67,
"ZN classic, no anti-windup",187,24.745,0.1203,0.0078989,107.92,0.292,,88.116,283.68,722.01,12,100.57,
"ZN classic, no anti-windup",188,15.463,0.11188,0.010205,105.9,0.424,,89.812,259.31,648.27,12,87.822,
"ZN classic, no anti-windup",189,15.989,0.17765,0.0071357,116.95,0.448,,76.937,350.12,969.73,12,141.28,
"ZN classic, no anti-windup",190,18.495,0.14759,0.0082992,113.08,0.384,,96.862,318.08,851.04,12,120.05,
"ZN classic, no anti-windup",191,18.271,0.12505,0.008691,108.58,0.376,,61.491,262.26,629.74,12,93.03,
"ZN classic, no anti-windup",192,25.122,0.14255,0.0093152,114.22,0.3,,38.998,341.34,916.48,12,139.12,
"ZN classic, no anti-windup",193,21.334,0.16477,0.010962,118.8,0.352,,91.293,367.45,1020.5,12,148.51,
"ZN classic, no anti-windup",194,15.017,0.15737,0.011416,114.43,0.46,,66.313,329.91,900.77,12,130.5,
"ZN classic, no anti-windup",195,23.547,0.15797,0.0077834,116.56,0.324,2.496,28.217,335.34,861.39,12,136.86,
"ZN classic, no anti-windup",196,15.005,0.13407,0.012565,110.72,0.448,,82.375,284.58,714.64,12,111.68,
"ZN classic, no anti-windup",197,19.671,0.18559,0.009758,121.51,0.384,,130.05,350.45,912.36,12,148.16,
"ZN classic, no anti-windup",198,23.061,0.14866,0.011252,116.14,0.324,2.49,25.846,324.75,824.69,12,130.9,
"ZN classic, no anti-windup",199,17.806,0.18509,0.0085942,119.88,0.414,,109.82,362.03,991.5,12,147.42,
